id,day,game_pk,statcastRows,trackedPitches,velocity,ffN,gid,team,p_seq,stattype,p_ipouts,p_noout,p_bfp,p_h,p_d,p_t,p_hr,p_r,p_er,p_w,p_iw,p_k,p_hbp,p_wp,p_bk,p_sh,p_sf,p_sb,p_cs,p_pb,wp,lp,save,p_gs,p_gf,p_cg,date,number,site,vishome,opp,win,loss,tie,gametype,box,pbp,pitches,entry,score_v,score_h,inherited,suspend,temp,hometeam,year,home,margin,absMargin,pitcherRole,suspended,relief,rest,p1,p3,p7,previous,consecutive,ubb,net,y,priorRelief,_v,prior_net,prior_p_bfp,baseline,doubleAppearance,restGroup,b2b,rest1,rest2,heavyYesterday,threeDays,p3_10,p7_10,month,difference,priorFFN,priorV,deltaV,dateISO,name
barnj002,2025-04-19,778258,37,37,95.33,10.0,TOR202504190,TOR,6,value,3,0,8,3,0,0,1,5,4,2,0,1,0,0,0,0,0,0,0,0,,1.0,,,1.0,,20250419,0,TOR02,h,SEA,0,1,0,regular,y,y,37.0,12,3,3,1,,68,TOR,2025,1,0,0,True,False,True,4,0.0,0.0,18.0,18.0,0,2,-1,-0.125,5,8,3,28,0.140625,False,3+ days,0,0,0,0,0,0.0,1.8,4,0.0,4,93.79076923076923,1.5392307692307696,2025-04-19,Jacob Barnes
burrr002,2024-07-14,747176,15,15,94.64,5.0,ARI202407140,TOR,4,value,2,0,3,0,0,0,0,0,0,1,0,1,0,0,0,0,0,0,0,0,,,,,,,20240714,0,PHO01,v,ARI,1,0,0,regular,y,y,15.0,7,8,7,0,,77,ARI,2024,0,1,1,True,False,True,1,0.0,10.0,28.0,10.0,0,1,0,0.0,6,3,5,26,0.15873015873015872,False,1 day,0,1,0,0,0,1.0,2.8,7,0.0,3,93.65213675213676,0.9878632478632454,2024-07-14,Ryan Burr
burrr002,2024-07-25,744907,35,35,93.46666666666665,12.0,TOR202407250,TOR,3,value,3,0,7,2,2,0,0,4,4,2,0,1,0,0,0,0,0,0,0,0,,,,,,,20240725,0,TOR02,h,TBA,0,1,0,regular,y,y,35.0,6,7,0,2,,76,TOR,2024,1,-7,7,True,False,True,1,0.0,6.0,17.0,6.0,0,2,-1,-0.14285714285714285,10,7,6,34,0.15671641791044777,False,1 day,0,1,0,0,0,0.6,1.7,7,0.0,4,93.89910256410256,-0.4324358974359086,2024-07-25,Ryan Burr
burrr002,2024-07-30,747005,12,12,94.5,5.0,BAL202407300,TOR,3,value,3,0,3,0,0,0,0,0,0,0,0,1,0,0,0,0,0,0,0,0,,,,,,,20240730,0,BAL12,v,BAL,0,1,0,regular,y,y,12.0,6,1,6,0,,79,BAL,2024,0,-5,5,True,False,True,4,0.0,0.0,41.0,35.0,0,0,1,0.3333333333333333,11,3,5,41,0.14184397163120568,False,3+ days,0,0,0,0,0,0.0,4.1,7,0.0,5,93.81261538461538,0.6873846153846159,2024-07-30,Ryan Burr
burrr002,2024-07-31,747003,19,19,94.45,10.0,BAL202407310,TOR,3,value,3,0,5,1,0,0,0,0,0,1,0,3,0,0,0,0,0,0,0,0,,,,,,,20240731,0,BAL12,v,BAL,0,1,0,regular,y,y,19.0,6,4,9,0,,90,BAL,2024,0,-5,5,True,False,True,0,12.0,12.0,47.0,12.0,1,1,2,0.4,12,5,6,44,0.14583333333333334,False,0 days,1,0,0,0,0,1.2,4.7,7,0.0,6,94.06594871794871,0.38405128205128847,2024-07-31,Ryan Burr
burrr002,2024-08-03,745714,23,23,94.35,10.0,NYA202408030,TOR,3,value,3,0,6,1,0,0,0,1,1,2,0,1,0,0,0,0,0,0,0,0,,,,,,,20240803,0,NYC21,v,NYA,0,1,0,regular,y,y,23.0,7,3,6,0,,90,NYA,2024,0,-3,3,True,False,True,2,0.0,19.0,31.0,19.0,0,2,-1,-0.16666666666666666,13,6,8,49,0.15436241610738255,False,2 days,0,0,1,0,0,1.9,3.1,8,0.0,7,94.11133333333333,0.23866666666665992,2024-08-03,Ryan Burr
burrr002,2024-08-07,744903,13,13,94.36,5.0,TOR202408070,TOR,3,value,2,0,4,2,0,0,1,2,2,0,0,1,0,0,0,0,0,0,0,0,,1.0,,,,,20240807,0,TOR02,h,BAL,0,1,0,regular,y,y,13.0,7,2,3,0,,74,TOR,2024,1,1,1,True,False,True,2,0.0,13.0,55.0,13.0,0,0,1,0.25,15,4,7,58,0.13924050632911392,False,2 days,0,0,1,0,0,1.3,5.5,8,0.0,8,94.28133333333332,0.07866666666667754,2024-08-07,Ryan Burr
burrr002,2024-08-10,744897,19,19,94.10000000000001,6.0,TOR202408100,TOR,2,value,4,0,4,0,0,0,0,0,0,0,0,3,0,0,0,0,0,0,0,0,,,,,,,20240810,0,TOR02,h,OAK,0,1,0,regular,y,y,19.0,6,1,0,1,,73,TOR,2024,1,-1,1,True,False,True,2,0.0,13.0,49.0,13.0,0,0,3,0.75,16,4,8,62,0.1419753086419753,False,2 days,0,0,1,0,0,1.3,4.9,8,0.0,9,94.22533333333334,-0.1253333333333302,2024-08-10,Ryan Burr
burrr002,2024-08-19,744898,21,21,93.22857142857143,7.0,TOR202408190,TOR,2,value,3,0,6,3,3,0,0,2,2,0,0,2,0,0,0,0,0,0,0,0,,,,,,,20240819,0,TOR02,h,CIN,0,1,0,regular,y,y,21.0,6,2,2,2,,65,TOR,2024,1,0,0,True,False,True,0,11.0,11.0,24.0,11.0,1,0,2,0.3333333333333333,19,6,13,72,0.16279069767441862,False,0 days,1,0,0,0,0,1.1,2.4,8,0.0,10,94.352,-1.123428571428576,2024-08-19,Ryan Burr
burrr002,2024-08-31,745859,10,10,94.04,5.0,MIN202408310,TOR,4,value,3,0,4,1,1,0,0,0,0,0,0,1,0,0,0,0,0,0,0,0,,,,,1.0,,20240831,0,MIN04,v,MIN,1,0,0,regular,y,y,10.0,9,15,0,0,,82,MIN,2024,0,15,15,True,False,True,2,0.0,3.0,23.0,3.0,0,0,1,0.25,21,4,15,79,0.16759776536312848,False,2 days,0,0,1,0,0,0.3,2.3,8,0.0,11,94.09771428571428,-0.057714285714268954,2024-08-31,Ryan Burr
burrr002,2024-09-03,744891,11,11,94.8,5.0,TOR202409030,TOR,7,value,1,0,2,1,0,0,0,0,0,0,0,0,0,0,0,0,0,0,0,0,,,,,1.0,,20240903,0,TOR02,h,PHI,0,1,0,regular,y,y,11.0,9,10,8,0,,69,TOR,2024,1,-2,2,True,False,True,2,0.0,10.0,13.0,10.0,0,0,0,0.0,22,2,16,83,0.16939890710382513,False,2 days,0,0,1,0,0,1.0,1.3,9,0.0,12,94.01571428571428,0.7842857142857156,2024-09-03,Ryan Burr
burrr002,2024-09-04,744887,19,19,94.09,10.0,TOR202409040,TOR,4,value,3,0,5,2,1,0,1,1,1,0,0,1,0,0,0,0,0,0,0,0,,,,,1.0,,20240904,0,TOR02,h,PHI,0,1,0,regular,y,y,19.0,9,3,2,0,,74,TOR,2024,1,-1,1,True,False,True,0,11.0,11.0,24.0,11.0,1,0,1,0.2,23,5,16,85,0.16756756756756758,False,0 days,1,0,0,0,0,1.1,2.4,9,0.0,13,94.1057142857143,-0.015714285714295784,2024-09-04,Ryan Burr
burrr002,2024-09-07,747076,18,18,94.64999999999999,6.0,ATL202409070,TOR,2,value,3,0,4,0,0,0,0,0,0,1,0,2,0,0,0,0,0,0,0,0,,,,,,,20240907,0,ATL03,v,ATL,1,0,0,regular,y,y,18.0,7,6,1,0,,78,ATL,2024,0,5,5,True,False,True,2,0.0,19.0,40.0,19.0,0,1,1,0.25,24,4,17,90,0.16842105263157894,False,2 days,0,0,1,0,0,1.9,4.0,9,0.0,14,94.05171428571428,0.5982857142857085,2024-09-07,Ryan Burr
burrr002,2024-09-14,744884,11,11,94.35000000000001,6.0,TOR202409140,TOR,2,value,3,0,3,0,0,0,0,0,0,0,0,1,0,0,0,0,0,0,0,0,,,,,,,20240914,0,TOR02,h,SLN,1,0,0,regular,y,y,11.0,8,1,7,0,,68,TOR,2024,1,6,6,True,False,True,4,0.0,0.0,48.0,30.0,0,0,1,0.3333333333333333,25,3,18,94,0.17010309278350516,False,3+ days,0,0,0,0,0,0.0,4.8,9,0.0,15,94.16171428571428,0.18828571428572616,2024-09-14,Ryan Burr
burrr002,2024-09-17,744961,19,19,94.0,6.0,TEX202409170,TOR,2,value,2,0,4,1,0,0,0,0,0,1,0,2,0,0,0,0,0,0,0,0,,,,,,,20240917,0,ARL03,v,TEX,0,1,0,regular,y,y,19.0,4,3,7,2,,74,TEX,2024,0,-4,4,True,False,True,2,0.0,11.0,11.0,11.0,0,1,1,0.25,26,4,19,97,0.17258883248730963,False,2 days,0,0,1,0,0,1.1,1.1,9,0.0,16,94.386,-0.3859999999999957,2024-09-17,Ryan Burr
burrr002,2024-09-24,744876,17,17,94.92,5.0,TOR202409240,TOR,3,value,1,0,3,2,0,0,0,0,0,0,0,1,0,0,0,0,0,0,0,0,,,,,,,20240924,0,TOR02,h,BOS,0,1,0,regular,y,y,17.0,7,0,3,2,,68,TOR,2024,1,3,3,True,False,True,1,0.0,28.0,56.0,28.0,0,0,1,0.3333333333333333,28,3,22,104,0.18137254901960784,False,1 day,0,1,0,0,0,2.8,5.6,9,0.0,17,94.378,0.5420000000000016,2024-09-24,Ryan Burr
burrr002,2024-09-27,744879,13,13,94.14999999999999,6.0,TOR202409270,TOR,4,value,3,0,4,1,0,0,1,1,1,0,0,2,0,0,0,0,0,0,0,0,,,,,,,20240927,0,TOR02,h,MIA,0,1,0,regular,y,y,13.0,8,14,5,0,,68,TOR,2024,1,-9,9,True,False,True,2,0.0,17.0,54.0,17.0,0,0,2,0.5,29,4,23,107,0.18357487922705315,False,2 days,0,0,1,0,0,1.7,5.4,9,0.0,18,94.402,-0.25200000000000955,2024-09-27,Ryan Burr
cabrg001,2024-04-27,744946,16,16,97.06,5.0,TOR202404270,TOR,2,value,2,0,4,1,0,0,0,0,0,0,0,0,0,0,0,0,0,0,0,0,,,,,,,20240427,0,TOR02,h,LAN,0,1,0,regular,y,y,16.0,7,4,0,0,,68,TOR,2024,1,-4,4,True,False,True,2,0.0,12.0,21.0,12.0,0,0,0,0.0,9,4,3,39,0.12949640287769784,False,2 days,0,0,1,0,0,1.2,2.1,4,0.0,3,95.2088888888889,1.8511111111111092,2024-04-27,Genesis Cabrera
cabrg001,2024-05-03,744868,32,28,94.76666666666667,6.0,WAS202405030,TOR,5,value,2,0,8,2,0,0,0,4,0,3,1,0,0,0,0,1,0,1,0,0,,,,,,,20240503,0,WAS11,v,WAS,0,1,0,regular,y,y,28.0,8,3,5,0,,64,WAS,2024,0,-2,2,True,False,True,2,0.0,5.0,42.0,5.0,0,2,-2,-0.25,12,8,5,51,0.13245033112582782,False,2 days,0,0,1,0,0,0.5,4.2,5,4.0,4,95.67166666666667,-0.9050000000000011,2024-05-03,Genesis Cabrera
cabrg001,2024-05-20,744935,22,22,96.44285714285715,7.0,TOR202405200,TOR,3,value,3,0,5,0,0,0,0,0,0,2,0,0,0,0,0,0,0,1,0,0,,,,,,,20240520,0,TOR02,h,CHA,1,0,0,regular,y,y,22.0,8,3,7,0,,74,TOR,2024,1,4,4,True,False,True,2,0.0,6.0,17.0,6.0,0,2,-2,-0.4,18,5,5,76,0.11363636363636363,False,2 days,0,0,1,0,0,0.6,1.7,5,0.0,5,95.49066666666667,0.9521904761904807,2024-05-20,Genesis Cabrera
cabrg001,2024-05-22,744933,25,25,95.55,12.0,TOR202405220,TOR,2,value,3,0,5,1,0,0,1,2,1,0,0,0,0,0,0,0,1,0,0,0,,,,,,,20240522,0,TOR02,h,CHA,1,0,0,regular,y,y,25.0,8,0,9,0,,69,TOR,2024,1,9,9,True,False,True,1,0.0,22.0,39.0,22.0,0,0,0,0.0,19,5,3,81,0.09944751381215469,False,1 day,0,1,0,0,0,2.2,3.9,5,0.0,6,95.73923809523811,-0.1892380952381103,2024-05-22,Genesis Cabrera
cabrg001,2024-06-22,746622,21,21,95.7,7.0,CLE202406220,TOR,2,value,3,0,5,2,1,0,1,1,1,0,0,1,0,0,0,0,0,0,0,0,,,,,,,20240622,0,CLE08,v,CLE,0,1,0,regular,y,y,21.0,6,2,5,0,,89,CLE,2024,0,-3,3,True,False,True,2,0.0,10.0,30.0,10.0,0,0,1,0.2,30,5,6,125,0.09333333333333334,False,2 days,0,0,1,0,0,1.0,3.0,6,0.0,7,95.9172380952381,-0.2172380952381019,2024-06-22,Genesis Cabrera
cabrg001,2024-07-04,744912,20,20,95.46000000000001,5.0,TOR202407040,TOR,2,value,4,0,5,0,0,0,0,0,0,0,0,2,1,0,0,0,0,0,0,0,,,,,,,20240704,0,TOR02,h,HOU,0,1,0,regular,y,y,20.0,6,4,3,0,,79,TOR,2024,1,-1,1,True,False,True,3,0.0,0.0,24.0,13.0,0,0,2,0.4,35,5,8,141,0.0954356846473029,False,3+ days,0,0,0,0,0,0.0,2.4,7,0.0,8,95.90390476190477,-0.44390476190476136,2024-07-04,Genesis Cabrera
cabrg001,2024-08-04,745718,29,25,96.14285714285714,7.0,NYA202408040,TOR,5,value,3,0,6,1,0,0,1,1,1,2,1,1,0,0,0,0,0,0,0,0,,,,,,,20240804,0,NYC21,v,NYA,0,1,0,regular,y,y,25.0,7,2,2,0,,79,NYA,2024,0,0,0,True,False,True,1,0.0,25.0,65.0,25.0,0,1,0,0.0,48,6,18,192,0.11301369863013698,False,1 day,0,1,0,0,0,2.5,6.5,8,4.0,9,95.58390476190476,0.5589523809523769,2024-08-04,Genesis Cabrera
cabrg001,2024-08-06,744901,17,17,96.37,10.0,TOR202408060,TOR,2,value,3,0,4,0,0,0,0,0,0,1,0,2,0,0,0,0,0,0,0,0,,,,,,,20240806,0,TOR02,h,BAL,1,0,0,regular,y,y,17.0,8,1,5,3,,71,TOR,2024,1,4,4,True,False,True,1,0.0,25.0,50.0,25.0,0,1,1,0.25,49,4,18,198,0.11073825503355705,False,1 day,0,1,0,0,0,2.5,5.0,8,0.0,10,95.85914285714287,0.5108571428571338,2024-08-06,Genesis Cabrera
cabrg001,2024-08-23,744889,18,18,95.95714285714287,7.0,TOR202408230,TOR,3,value,3,0,3,1,0,0,0,0,0,0,0,2,0,0,0,0,0,0,1,0,,,,,,,20240823,0,TOR02,h,ANA,1,0,0,regular,y,y,18.0,8,4,3,0,,76,TOR,2024,1,-1,1,True,False,True,1,0.0,15.0,30.0,15.0,0,0,2,0.6666666666666666,55,3,20,215,0.1111111111111111,False,1 day,0,1,0,0,0,1.5,3.0,8,0.0,11,95.84457142857143,0.11257142857144231,2024-08-23,Genesis Cabrera
cabrg001,2024-09-03,744891,20,20,97.58000000000001,5.0,TOR202409030,TOR,5,value,4,0,7,2,0,0,0,0,0,2,0,0,0,0,0,0,0,1,0,0,,,,,,,20240903,0,TOR02,h,PHI,0,1,0,regular,y,y,20.0,7,6,8,2,,69,TOR,2024,1,2,2,True,False,True,4,0.0,0.0,12.0,12.0,0,2,-2,-0.2857142857142857,57,7,23,222,0.11801242236024845,False,3+ days,0,0,0,0,0,0.0,1.2,9,0.0,12,95.92600000000002,1.6539999999999964,2024-09-03,Genesis Cabrera
domis001,2025-08-18,776694,25,25,98.28333333333335,6.0,PIT202508180,TOR,4,value,4,0,6,0,0,0,0,2,0,1,0,1,0,0,0,0,1,1,0,0,,,,,1.0,,20250818,0,PIT08,v,PIT,0,1,0,regular,y,y,25.0,7,2,3,2,,83,PIT,2025,0,-1,1,True,False,True,1,0.0,13.0,19.0,13.0,0,1,0,0.0,51,6,35,204,0.16447368421052633,False,1 day,0,1,0,0,0,1.3,1.9,8,0.0,3,97.54333333333334,0.7400000000000091,2025-08-18,Seranthony Dominguez
domis001,2025-08-20,776661,19,19,97.8,11.0,PIT202508200,TOR,4,value,4,0,4,0,0,0,0,0,0,1,0,1,0,0,0,0,0,0,0,0,,,,,1.0,,20250820,0,PIT08,v,PIT,0,1,0,regular,y,y,19.0,7,1,2,2,,75,PIT,2025,0,-1,1,True,False,True,1,0.0,25.0,44.0,25.0,0,1,0,0.0,52,4,35,210,0.16129032258064516,False,1 day,0,1,0,0,0,2.5,4.4,8,0.0,4,97.72833333333334,0.07166666666665833,2025-08-20,Seranthony Dominguez
domis001,2025-08-23,776630,19,19,97.13636363636364,11.0,MIA202508230,TOR,3,value,3,0,3,0,0,0,0,0,0,0,0,2,0,0,0,0,0,0,0,0,,,,,,,20250823,0,MIA02,v,MIA,1,0,0,regular,y,y,19.0,8,4,3,0,,72,MIA,2025,0,1,1,True,False,True,2,0.0,19.0,57.0,19.0,0,0,2,0.6666666666666666,53,3,35,214,0.1592356687898089,False,2 days,0,0,1,0,0,1.9,5.7,8,0.0,5,97.74266666666668,-0.6063030303030388,2025-08-23,Seranthony Dominguez
domis001,2025-08-27,776567,20,20,97.55,8.0,TOR202508270,TOR,4,value,2,0,4,0,0,0,0,0,0,2,0,1,0,1,0,0,0,1,0,0,1.0,,,,,,20250827,0,TOR02,h,MIN,1,0,0,regular,y,y,20.0,8,8,6,0,,70,TOR,2025,1,-2,2,True,False,True,0,6.0,6.0,44.0,6.0,1,2,-1,-0.25,55,4,38,218,0.16666666666666666,False,0 days,1,0,0,0,0,0.6,4.4,8,0.0,6,97.53793939393941,0.012060606060586565,2025-08-27,Seranthony Dominguez
domis001,2025-08-31,776515,15,15,98.12222222222222,9.0,TOR202508310,TOR,5,value,3,0,3,0,0,0,0,0,0,0,0,1,0,0,0,0,0,0,0,0,,,,,,,20250831,0,TOR02,h,MIL,1,0,0,regular,y,y,15.0,8,4,8,0,,68,TOR,2025,1,4,4,True,False,True,0,10.0,10.0,36.0,10.0,1,0,1,0.3333333333333333,57,3,37,226,0.15950920245398773,False,0 days,1,0,0,0,0,1.0,3.6,8,0.0,7,97.6379393939394,0.4842828282828151,2025-08-31,Seranthony Dominguez
domis001,2025-09-02,776491,21,21,98.425,8.0,CIN202509020,TOR,5,value,3,0,5,2,1,0,1,1,1,0,0,2,0,0,0,0,0,0,0,0,,,,,,,20250902,0,CIN09,v,CIN,1,0,0,regular,y,y,21.0,8,11,8,0,,78,CIN,2025,0,3,3,True,False,True,1,0.0,25.0,51.0,15.0,0,0,2,0.4,58,5,38,229,0.16109422492401215,False,1 day,0,1,0,0,0,2.5,5.1,9,0.0,8,97.77838383838385,0.6466161616161514,2025-09-02,Seranthony Dominguez
domis001,2025-09-09,776393,15,15,97.06666666666666,9.0,TOR202509090,TOR,5,value,3,0,4,0,0,0,0,0,0,1,0,0,0,0,0,0,0,0,0,0,,,,,,,20250909,0,TOR02,h,HOU,1,0,0,regular,y,y,15.0,9,3,1,0,,62,TOR,2025,1,-2,2,True,False,True,6,0.0,0.0,21.0,21.0,0,1,-1,-0.25,59,4,40,234,0.16467065868263472,False,3+ days,0,0,0,0,0,0.0,2.1,9,0.0,9,97.80671717171717,-0.7400505050505046,2025-09-09,Seranthony Dominguez
domis001,2025-09-15,776316,13,13,97.21428571428571,7.0,TBA202509150,TOR,3,value,3,0,3,0,0,0,0,0,0,0,0,1,0,0,0,0,0,0,0,0,,,,,,,20250915,0,TAM02,v,TBA,1,0,0,regular,y,y,13.0,7,0,1,0,,85,TBA,2025,0,-1,1,True,False,True,1,0.0,11.0,26.0,11.0,0,0,1,0.3333333333333333,61,3,39,241,0.15835777126099707,False,1 day,0,1,0,0,0,1.1,2.6,9,0.0,10,97.6600505050505,-0.44576479076479814,2025-09-15,Seranthony Dominguez
domis001,2025-09-16,776305,18,18,97.4375,8.0,TBA202509160,TOR,6,value,3,0,3,0,0,0,0,1,1,1,0,1,0,0,0,0,0,1,0,0,,,,,,,20250916,0,TAM02,v,TBA,1,0,0,regular,y,y,18.0,8,6,4,2,,82,TBA,2025,0,2,2,True,False,True,0,13.0,24.0,39.0,13.0,1,1,0,0.0,62,3,40,244,0.15988372093023256,False,0 days,1,0,0,0,0,2.4,3.9,9,0.0,11,97.6756349206349,-0.2381349206349057,2025-09-16,Seranthony Dominguez
domis001,2025-09-21,776229,14,14,97.2625,8.0,KCA202509210,TOR,3,value,4,0,4,0,0,0,0,0,0,0,0,2,0,0,0,0,0,0,0,0,1.0,,,,,,20250921,0,KAN06,v,KCA,1,0,0,regular,y,y,14.0,6,6,5,1,,78,KCA,2025,0,1,1,True,False,True,2,0.0,8.0,39.0,8.0,0,0,2,0.5,64,4,41,250,0.16,False,2 days,0,0,1,0,0,0.8,3.9,9,0.0,12,97.65313492063493,-0.39063492063492333,2025-09-21,Seranthony Dominguez
domis001,2025-09-25,776186,16,16,96.85,8.0,TOR202509250,TOR,5,value,2,0,3,1,0,0,0,0,0,0,0,1,0,0,0,0,0,0,0,0,,,,,,,20250925,0,TOR02,h,BOS,1,0,0,regular,y,y,16.0,7,1,6,1,,68,TOR,2025,1,5,5,True,False,True,3,0.0,0.0,22.0,14.0,0,0,1,0.3333333333333333,65,3,43,254,0.1638418079096045,False,3+ days,0,0,0,0,0,0.0,2.2,9,0.0,13,97.48119047619048,-0.6311904761904827,2025-09-25,Seranthony Dominguez
domis001,2025-09-27,776159,24,24,97.4875,16.0,TOR202509270,TOR,5,value,3,0,4,0,0,0,0,0,0,1,0,2,0,0,0,0,0,0,0,0,,,,,1.0,,20250927,0,TOR02,h,TBA,1,0,0,regular,y,y,24.0,9,1,5,0,,73,TOR,2025,1,4,4,True,False,True,1,0.0,16.0,30.0,16.0,0,1,1,0.25,66,4,44,257,0.16526610644257703,False,1 day,0,1,0,0,0,1.6,3.0,9,0.0,14,97.16619047619048,0.3213095238095178,2025-09-27,Seranthony Dominguez
fishb002,2025-06-28,777323,27,27,95.58571428571429,7.0,BOS202506280,TOR,2,value,6,0,8,1,1,0,0,0,0,1,0,1,0,0,0,0,1,1,0,0,,,,,,,20250628,0,BOS07,v,BOS,0,1,0,regular,y,y,27.0,3,1,6,3,,70,BOS,2025,0,-5,5,True,False,True,3,0.0,0.0,11.0,7.0,0,1,0,0.0,18,8,25,64,0.24390243902439024,False,3+ days,0,0,0,0,0,0.0,1.1,6,0.0,3,95.00555555555555,0.5801587301587432,2025-06-28,Braydon Fisher
fishb002,2025-07-03,777260,24,24,96.07142857142857,7.0,TOR202507030,TOR,2,value,2,0,5,3,1,0,0,2,2,0,0,1,0,0,0,0,0,0,0,0,,,,,,,20250703,0,TOR02,h,NYA,1,0,0,regular,y,y,24.0,6,3,6,1,,74,TOR,2025,1,3,3,True,False,True,1,0.0,28.0,55.0,9.0,0,0,1,0.2,21,5,28,80,0.2388888888888889,False,1 day,0,1,0,0,0,2.8,5.5,7,0.0,4,95.15059523809524,0.9208333333333343,2025-07-03,Braydon Fisher
fishb002,2025-07-20,777079,24,24,95.71666666666665,6.0,TOR202507200,TOR,2,value,0,0,3,2,1,0,0,2,2,1,0,0,0,0,0,0,0,1,0,0,,,,,,,20250720,0,TOR02,h,SFN,1,0,0,regular,y,y,24.0,6,4,7,0,,74,TOR,2025,1,3,3,True,False,True,6,0.0,0.0,9.0,9.0,0,1,-1,-0.3333333333333333,26,3,30,104,0.22058823529411764,False,3+ days,0,0,0,0,0,0.0,0.9,7,0.0,5,95.3347619047619,0.38190476190474953,2025-07-20,Braydon Fisher
fishb002,2025-08-04,776872,15,15,94.87142857142858,7.0,COL202508040,TOR,2,value,3,0,4,1,0,0,0,0,0,0,0,3,0,0,0,0,0,0,0,0,,,,,,,20250804,0,DEN02,v,COL,1,0,0,regular,y,y,15.0,7,14,1,0,,94,COL,2025,0,13,13,True,False,True,2,0.0,13.0,39.0,13.0,0,0,3,0.75,32,4,31,121,0.2081447963800905,False,2 days,0,0,1,0,0,1.3,3.9,8,0.0,6,95.50609523809524,-0.6346666666666607,2025-08-04,Braydon Fisher
fishb002,2025-08-09,776808,24,24,97.88571428571429,7.0,LAN202508090,TOR,4,value,4,0,5,0,0,0,0,0,0,0,0,3,0,0,0,0,0,0,0,0,,,,,,,20250809,0,LOS03,v,LAN,0,1,0,regular,y,y,24.0,6,0,9,2,,76,LAN,2025,0,-9,9,True,False,True,2,0.0,13.0,28.0,13.0,0,0,3,0.6,34,5,36,128,0.2236842105263158,False,2 days,0,0,1,0,0,1.3,2.8,8,0.0,7,95.45704761904761,2.428666666666672,2025-08-09,Braydon Fisher
fishb002,2025-08-13,776757,18,18,95.73333333333333,6.0,TOR202508130,TOR,2,value,1,0,4,2,0,0,0,2,2,1,0,0,0,0,0,0,1,1,0,0,,,,,,,20250813,0,TOR02,h,CHN,0,1,0,regular,y,y,18.0,8,2,1,0,,68,TOR,2025,1,-1,1,True,False,True,2,0.0,11.0,48.0,11.0,0,1,-1,-0.25,36,4,39,135,0.2297872340425532,False,2 days,0,0,1,0,0,1.1,4.8,8,0.0,8,96.02619047619048,-0.2928571428571445,2025-08-13,Braydon Fisher
fishb002,2025-08-17,776710,22,22,95.14999999999999,6.0,TOR202508170,TOR,3,value,3,0,5,2,0,0,1,2,2,0,0,1,0,0,0,0,0,0,0,0,,,,,,,20250817,0,TOR02,h,TEX,0,1,0,regular,y,y,22.0,6,6,1,0,,68,TOR,2025,1,-5,5,True,False,True,1,0.0,17.0,46.0,17.0,0,0,1,0.2,38,5,37,143,0.2139917695473251,False,1 day,0,1,0,0,0,1.7,4.6,8,0.0,9,96.05571428571429,-0.9057142857142964,2025-08-17,Braydon Fisher
fishb002,2025-09-13,776343,20,20,95.61428571428571,7.0,TOR202509130,TOR,5,value,3,0,4,1,0,0,1,1,1,1,0,1,0,0,0,0,0,0,1,0,1.0,,,,1.0,,20250913,0,TOR02,h,BAL,1,0,0,regular,y,y,20.0,9,3,2,0,,67,TOR,2025,1,-1,1,True,False,True,0,14.0,32.0,45.0,14.0,1,1,0,0.0,44,4,41,163,0.21292775665399238,False,0 days,1,0,0,0,0,3.2,4.5,9,0.0,10,95.87142857142858,-0.2571428571428669,2025-09-13,Braydon Fisher
fishb002,2025-09-15,776316,27,27,95.1888888888889,9.0,TBA202509150,TOR,6,value,6,0,7,1,0,0,0,0,0,0,0,4,0,0,0,1,0,0,0,0,1.0,,,,1.0,,20250915,0,TAM02,v,TBA,1,0,0,regular,y,y,27.0,10,1,1,1,,85,TBA,2025,0,0,0,True,False,True,1,0.0,34.0,52.0,20.0,0,0,4,0.5714285714285714,45,7,41,167,0.20973782771535582,False,1 day,0,1,0,0,0,3.4,5.2,9,0.0,11,95.85095238095238,-0.6620634920634814,2025-09-15,Braydon Fisher
fishb002,2025-09-18,776269,17,17,94.39999999999999,7.0,TBA202509180,TOR,3,value,4,0,4,0,0,0,0,0,0,0,0,0,0,0,0,0,0,0,0,0,,,,,,,20250918,0,TAM02,v,TBA,0,1,0,regular,y,y,17.0,6,0,4,1,,87,TBA,2025,0,-4,4,True,False,True,2,0.0,27.0,61.0,27.0,0,0,0,0.0,46,4,45,174,0.21897810218978103,False,2 days,0,0,1,0,0,2.7,6.1,9,0.0,12,95.91444444444444,-1.5144444444444503,2025-09-18,Braydon Fisher
fishb002,2025-09-19,776260,22,22,93.35714285714286,7.0,KCA202509190,TOR,2,value,4,0,5,1,1,0,0,0,0,0,0,0,0,0,0,0,0,0,0,0,,,,,,,20250919,0,KAN06,v,KCA,0,1,0,regular,y,y,22.0,1,1,7,1,,80,KCA,2025,0,-6,6,True,False,True,0,17.0,17.0,78.0,17.0,1,0,0,0.0,47,5,45,178,0.2158273381294964,False,0 days,1,0,0,0,0,1.7,7.8,9,0.0,13,95.21730158730159,-1.8601587301587301,2025-09-19,Braydon Fisher
franb002,2024-06-19,744920,12,12,94.725,8.0,TOR202406190,TOR,6,value,3,0,3,0,0,0,0,0,0,0,0,0,0,0,0,0,0,0,0,0,,,,,1.0,,20240619,0,TOR02,h,BOS,0,1,0,regular,y,y,12.0,9,7,3,0,,84,TOR,2024,1,-4,4,True,False,True,3,0.0,0.0,68.0,68.0,0,0,0,0.0,5,3,6,58,0.13291139240506328,False,3+ days,0,0,0,0,0,0.0,6.8,6,0.0,5,93.36932783882784,1.3556721611721514,2024-06-19,Bowden Francis
franb002,2024-06-21,746624,74,74,92.66511627906976,43.0,CLE202406210,TOR,2,value,11,0,16,2,0,0,0,2,0,2,0,4,0,0,0,0,0,1,0,0,,,,,,,20240621,0,CLE08,v,CLE,0,1,0,regular,y,y,74.0,2,0,3,2,,85,CLE,2024,0,-3,3,True,False,True,1,0.0,12.0,80.0,12.0,0,2,2,0.125,6,16,6,61,0.13043478260869565,False,1 day,0,1,0,0,0,1.2,8.0,6,0.0,6,93.57789926739926,-0.9127829883294964,2024-06-21,Bowden Francis
franb002,2024-06-27,744919,18,18,93.80909090909091,11.0,TOR202406270,TOR,3,value,3,0,4,1,0,0,0,0,0,0,0,1,0,0,0,0,0,0,0,0,,,,,1.0,,20240627,0,TOR02,h,NYA,1,0,0,regular,y,y,18.0,9,2,9,0,,70,TOR,2024,1,7,7,True,False,True,5,0.0,0.0,74.0,74.0,0,0,1,0.25,7,4,8,77,0.12994350282485875,False,3+ days,0,0,0,0,0,0.0,7.4,6,0.0,7,93.41399944629013,0.395091462800778,2024-06-27,Bowden Francis
franb002,2024-06-28,744922,22,21,91.74615384615385,13.0,TOR202406280,TOR,6,value,3,0,6,3,1,0,0,2,2,0,0,0,0,0,0,0,1,0,0,0,,,,,1.0,,20240628,0,TOR02,h,NYA,0,1,0,regular,y,y,21.0,9,12,5,2,,68,TOR,2024,1,-7,7,True,False,True,0,18.0,18.0,92.0,18.0,1,0,0,0.0,8,6,9,81,0.13259668508287292,False,0 days,1,0,0,0,0,1.8,9.2,6,1.0,8,93.55831762810833,-1.8121637819544816,2024-06-28,Bowden Francis
franb002,2024-06-30,744916,14,14,92.96666666666665,6.0,TOR202406300,TOR,6,value,3,0,4,1,0,0,0,0,0,0,0,0,0,0,0,0,0,0,0,0,,,,,1.0,,20240630,0,TOR02,h,NYA,0,1,0,regular,y,y,14.0,9,8,1,0,,64,TOR,2024,1,-7,7,True,False,True,1,0.0,39.0,39.0,21.0,0,0,0,0.0,9,4,9,87,0.12834224598930483,False,1 day,0,1,0,0,0,3.9,3.9,6,0.0,9,93.26240554019623,-0.2957388735295723,2024-06-30,Bowden Francis
franb002,2024-07-03,744915,43,43,92.7,21.0,TOR202407030,TOR,5,value,6,0,11,3,1,0,0,3,3,2,0,2,0,0,0,0,0,0,0,0,,,,,1.0,,20240703,0,TOR02,h,HOU,0,1,0,regular,y,y,43.0,8,6,2,0,,79,TOR,2024,1,-4,4,True,False,True,2,0.0,14.0,53.0,14.0,0,2,0,0.0,10,11,9,91,0.1256544502617801,False,2 days,0,0,1,0,0,1.4,5.3,7,0.0,10,93.18240554019624,-0.4824055401962397,2024-07-03,Bowden Francis
franb002,2024-07-10,745318,18,18,93.74444444444445,9.0,SFN202407100,TOR,5,value,3,0,5,2,0,0,2,2,2,0,0,2,0,0,0,0,0,0,0,0,,,,,1.0,,20240710,0,SFO03,v,SFN,1,0,0,regular,y,y,18.0,9,10,4,0,,68,SFN,2024,0,6,6,True,False,True,6,0.0,0.0,43.0,43.0,0,0,2,0.4,11,5,9,102,0.1188118811881188,False,3+ days,0,0,0,0,0,0.0,4.3,7,0.0,11,92.77740554019623,0.967038904248227,2024-07-10,Bowden Francis
franb002,2024-07-13,747177,40,40,93.48518518518519,27.0,ARI202407130,TOR,2,value,6,0,9,1,0,0,0,0,0,2,0,1,0,0,0,0,0,0,0,0,,,,,,,20240713,0,PHO01,v,ARI,0,1,0,regular,y,y,40.0,5,1,5,0,,78,ARI,2024,0,-4,4,True,False,True,2,0.0,18.0,18.0,18.0,0,2,-1,-0.1111111111111111,12,9,11,107,0.12560386473429952,False,2 days,0,0,1,0,0,1.8,1.8,7,0.0,12,92.99327117327117,0.4919140119140195,2024-07-13,Bowden Francis
garcy001,2024-04-13,744953,12,12,97.96000000000001,5.0,TOR202404130,TOR,5,value,3,0,3,0,0,0,0,0,0,0,0,3,0,0,0,0,0,0,0,0,,,1.0,,1.0,,20240413,0,TOR02,h,COL,1,0,0,regular,y,y,12.0,9,3,5,0,,68,TOR,2024,1,2,2,True,False,True,2,0.0,21.0,48.0,21.0,0,0,3,1.0,5,3,7,20,0.18333333333333332,False,2 days,0,0,1,0,0,2.1,4.8,4,0.0,3,96.96440476190476,0.9955952380952482,2024-04-13,Yimi Garcia
garcy001,2024-04-19,745430,19,19,95.18333333333334,6.0,SDN202404190,TOR,4,value,3,0,3,0,0,0,0,0,0,0,0,3,0,0,0,0,0,0,0,0,,,,,,,20240419,0,SAN02,v,SDN,1,0,0,regular,y,y,19.0,8,5,1,0,,62,SDN,2024,0,4,4,True,False,True,2,0.0,11.0,32.0,11.0,0,0,3,1.0,8,3,10,29,0.1937984496124031,False,2 days,0,0,1,0,0,1.1,3.2,4,0.0,4,97.21330357142857,-2.029970238095231,2024-04-19,Yimi Garcia
garcy001,2024-04-28,744947,24,20,96.72857142857143,7.0,TOR202404280,TOR,2,value,2,0,5,1,1,0,0,0,0,2,1,1,0,0,0,0,0,0,0,0,,,,,,,20240428,0,TOR02,h,LAN,1,0,0,regular,y,y,20.0,8,1,3,0,,68,TOR,2024,1,2,2,True,False,True,0,15.0,15.0,25.0,15.0,1,1,0,0.0,12,5,14,42,0.20422535211267606,False,0 days,1,0,0,0,0,1.5,2.5,4,4.0,5,96.80730952380952,-0.07873809523809427,2024-04-28,Yimi Garcia
garcy001,2024-05-15,747038,26,18,97.48571428571428,7.0,BAL202405150,TOR,4,value,5,0,8,1,1,0,0,0,0,2,2,1,0,0,0,1,0,0,0,0,,,,,,,20240515,0,BAL12,v,BAL,0,1,0,regular,y,y,17.0,7,2,1,2,,64,BAL,2024,0,1,1,True,False,True,1,0.0,14.0,23.0,14.0,0,0,1,0.125,15,8,18,53,0.21568627450980393,False,1 day,0,1,0,0,0,1.4,2.3,5,9.0,6,96.9955238095238,0.4901904761904774,2024-05-15,Yimi Garcia
garcy001,2024-05-18,744938,19,19,96.16,5.0,TOR202405180,TOR,2,value,3,0,4,0,0,0,0,0,0,1,0,1,0,0,0,0,0,0,0,0,,,,,,,20240518,0,TOR02,h,TBA,0,1,0,regular,y,y,19.0,7,3,4,0,,61,TOR,2024,1,1,1,True,False,True,2,0.0,17.0,40.0,17.0,0,1,0,0.0,16,4,19,61,0.2111801242236025,False,2 days,0,0,1,0,0,1.7,4.0,5,0.0,7,97.10866666666666,-0.9486666666666679,2024-05-18,Yimi Garcia
garcy001,2024-05-26,746469,27,27,96.975,8.0,DET202405260,TOR,5,value,3,0,7,3,1,0,0,2,2,0,0,1,1,0,0,0,0,0,0,0,,,,,,,20240526,0,DET05,v,DET,0,1,0,regular,y,y,27.0,8,11,9,0,,74,DET,2024,0,2,2,True,False,True,5,0.0,0.0,13.0,13.0,0,0,1,0.14285714285714285,18,7,21,68,0.21428571428571427,False,3+ days,0,0,0,0,0,0.0,1.3,5,0.0,8,96.70352380952382,0.27147619047617866,2024-05-26,Yimi Garcia
garcy001,2024-05-29,746790,15,15,95.57142857142857,7.0,CHA202405290,TOR,5,value,3,0,3,0,0,0,0,0,0,0,0,1,0,0,0,0,0,0,0,0,,,,,,,20240529,0,CHI12,v,CHA,1,0,0,regular,y,y,15.0,8,3,0,0,,60,CHA,2024,0,3,3,True,False,True,2,0.0,27.0,27.0,27.0,0,0,1,0.3333333333333333,19,3,22,75,0.21142857142857144,False,2 days,0,0,1,0,0,2.7,2.7,5,0.0,9,96.50652380952381,-0.9350952380952435,2024-05-29,Yimi Garcia
garcy001,2024-06-02,744929,26,26,97.15454545454546,11.0,TOR202406020,TOR,5,value,3,0,5,2,1,0,0,1,1,0,0,3,0,0,0,0,0,0,0,0,,,1.0,,1.0,,20240602,0,TOR02,h,PIT,1,0,0,regular,y,y,26.0,9,3,5,0,,68,TOR,2024,1,2,2,True,False,True,1,0.0,14.0,56.0,14.0,0,0,3,0.6,21,5,22,81,0.20441988950276244,False,1 day,0,1,0,0,0,1.4,5.6,6,0.0,10,96.58414285714285,0.5704025974026052,2024-06-02,Yimi Garcia
garcy001,2024-06-05,744927,10,10,96.16,5.0,TOR202406050,TOR,4,value,3,0,3,0,0,0,0,0,0,0,0,2,0,0,0,0,0,0,0,0,1.0,,,,1.0,,20240605,0,TOR02,h,BAL,1,0,0,regular,y,y,10.0,9,2,2,0,,68,TOR,2024,1,0,0,True,False,True,2,0.0,26.0,55.0,26.0,0,0,2,0.6666666666666666,22,3,25,86,0.21505376344086022,False,2 days,0,0,1,0,0,2.6,5.5,6,0.0,11,96.66933766233765,-0.5093376623376571,2024-06-05,Yimi Garcia
garcy001,2024-06-06,744923,18,18,96.94444444444444,9.0,TOR202406060,TOR,4,value,3,0,5,1,0,0,1,2,2,0,0,2,1,0,0,0,0,0,0,0,,,1.0,,1.0,,20240606,0,TOR02,h,BAL,1,0,0,regular,y,y,18.0,9,3,6,0,,73,TOR,2024,1,3,3,True,False,True,0,10.0,10.0,50.0,10.0,1,0,2,0.4,23,5,27,89,0.2222222222222222,False,0 days,1,0,0,0,0,1.0,5.0,6,0.0,12,96.4041948051948,0.5402496392496374,2024-06-06,Yimi Garcia
garcy001,2024-06-09,745651,17,17,96.39999999999999,6.0,OAK202406090,TOR,6,value,3,0,3,0,0,0,0,0,0,0,0,1,0,0,0,0,0,0,0,0,1.0,,,,,,20240609,0,OAK01,v,OAK,1,0,0,regular,y,y,17.0,9,3,3,0,,67,OAK,2024,0,0,0,True,False,True,2,0.0,18.0,54.0,18.0,0,0,1,0.3333333333333333,24,3,29,94,0.2268041237113402,False,2 days,0,0,1,0,0,1.8,5.4,6,0.0,13,96.56108369408369,-0.16108369408370038,2024-06-09,Yimi Garcia
garcy001,2024-06-11,745981,20,20,96.85,8.0,MIL202406110,TOR,5,value,4,0,4,0,0,0,0,0,0,0,0,3,0,0,0,0,0,2,0,0,,,1.0,,1.0,,20240611,0,MIL06,v,MIL,1,0,0,regular,y,y,20.0,8,2,0,2,,72,MIL,2024,0,2,2,True,False,True,1,0.0,17.0,45.0,17.0,0,0,3,0.75,25,4,30,97,0.22842639593908629,False,1 day,0,1,0,0,0,1.7,4.5,6,0.0,14,96.44608369408368,0.40391630591631156,2024-06-11,Yimi Garcia
garcy001,2024-06-16,744926,19,19,96.4375,8.0,TOR202406160,TOR,4,value,2,0,6,4,0,0,1,2,2,0,0,0,0,0,0,0,0,0,0,0,,,,,,,20240616,0,TOR02,h,CLE,1,0,0,regular,y,y,18.0,9,4,7,0,,64,TOR,2024,1,3,3,True,False,True,4,0.0,0.0,37.0,20.0,0,0,0,0.0,26,6,33,101,0.23880597014925373,False,3+ days,0,0,0,0,0,0.0,3.7,6,1.0,15,96.70179797979799,-0.26429797979798764,2024-06-16,Yimi Garcia
garcy001,2024-07-20,744910,13,13,95.88,5.0,TOR202407200,TOR,6,value,3,0,3,0,0,0,0,0,0,0,0,3,0,0,0,0,0,0,0,0,,,,,1.0,,20240720,0,TOR02,h,DET,0,1,0,regular,y,y,13.0,9,7,3,0,,75,TOR,2024,1,-4,4,True,False,True,33,0.0,0.0,0.0,18.0,0,0,3,1.0,27,3,33,107,0.2318840579710145,False,3+ days,0,0,0,0,0,0.0,0.0,7,0.0,16,96.55838888888889,-0.6783888888888896,2024-07-20,Yimi Garcia
garcy001,2025-04-10,778377,27,23,95.62222222222222,9.0,BOS202504100,TOR,4,value,5,0,7,1,0,0,0,0,0,1,1,2,0,1,0,0,0,1,0,0,,,,,,,20250410,0,BOS07,v,BOS,0,1,0,regular,y,y,23.0,8,2,1,2,,49,BOS,2025,0,1,1,True,False,True,2,0.0,24.0,34.0,24.0,0,0,2,0.2857142857142857,6,7,4,22,0.1557377049180328,False,2 days,0,0,1,0,0,2.4,3.4,4,4.0,3,95.76481481481483,-0.1425925925926066,2025-04-10,Yimi Garcia
garcy001,2025-04-13,778344,15,15,95.75555555555556,9.0,BAL202504130,TOR,5,value,3,0,3,0,0,0,0,0,0,0,0,2,0,0,0,0,0,0,0,0,,,,,,,20250413,0,BAL12,v,BAL,1,0,0,regular,y,y,15.0,8,6,6,0,,61,BAL,2025,0,0,0,True,False,True,2,0.0,23.0,47.0,23.0,0,0,2,0.6666666666666666,7,3,6,29,0.16279069767441862,False,2 days,0,0,1,0,0,2.3,4.7,4,0.0,4,95.72916666666667,0.026388888888888573,2025-04-13,Yimi Garcia
garcy001,2025-04-16,778297,18,18,96.27000000000001,10.0,TOR202504160,TOR,4,value,4,0,4,0,0,0,0,0,0,0,0,4,0,0,0,0,0,0,0,0,,,,,,,20250416,0,TOR02,h,ATL,1,0,0,regular,y,y,18.0,7,0,2,1,,68,TOR,2025,1,2,2,True,False,True,2,0.0,15.0,38.0,15.0,0,0,4,1.0,8,4,8,32,0.17424242424242425,False,2 days,0,0,1,0,0,1.5,3.8,4,0.0,5,95.73444444444445,0.5355555555555611,2025-04-16,Yimi Garcia
garcy001,2025-04-18,778273,11,11,96.52000000000001,5.0,TOR202504180,TOR,4,value,3,0,3,0,0,0,0,0,0,0,0,0,1,0,0,0,0,0,1,0,,,,,,,20250418,0,TOR02,h,SEA,1,0,0,regular,y,y,11.0,8,1,3,0,,68,TOR,2025,1,2,2,True,False,True,1,0.0,18.0,33.0,18.0,0,0,0,0.0,9,3,12,36,0.19852941176470587,False,1 day,0,1,0,0,0,1.8,3.3,4,0.0,6,95.75288888888889,0.7671111111111202,2025-04-18,Yimi Garcia
garcy001,2025-04-23,778200,14,14,96.06,5.0,HOU202504230,TOR,3,value,3,0,5,2,0,0,0,0,0,0,0,1,0,0,0,0,0,0,0,0,,,,,,,20250423,0,HOU03,v,HOU,0,1,0,regular,y,y,14.0,7,1,3,0,,73,HOU,2025,0,-2,2,True,False,True,4,0.0,0.0,29.0,11.0,0,0,1,0.2,10,5,12,39,0.19424460431654678,False,3+ days,0,0,0,0,0,0.0,2.9,4,0.0,7,95.70355555555555,0.356444444444449,2025-04-23,Yimi Garcia
garcy001,2025-04-25,778185,14,13,95.83333333333333,6.0,NYA202504250,TOR,3,value,2,0,3,0,0,0,0,0,0,1,0,0,0,0,0,0,0,0,0,0,,,,,,,20250425,0,NYC21,v,NYA,1,0,0,regular,y,y,13.0,7,1,1,1,,68,NYA,2025,0,0,0,True,False,True,1,0.0,14.0,25.0,14.0,0,1,-1,-0.3333333333333333,11,3,13,44,0.19444444444444445,False,1 day,0,1,0,0,0,1.4,2.5,4,1.0,8,96.04555555555557,-0.21222222222223763,2025-04-25,Yimi Garcia
garcy001,2025-04-30,778114,9,9,96.51666666666667,6.0,TOR202504300,TOR,4,value,3,0,3,0,0,0,0,0,0,0,0,1,0,0,0,0,0,0,0,0,,,,,,,20250430,0,TOR02,h,BOS,1,0,0,regular,y,y,9.0,7,6,3,0,,68,TOR,2025,1,-3,3,True,False,True,4,0.0,0.0,27.0,13.0,0,0,1,0.3333333333333333,12,3,12,47,0.1836734693877551,False,3+ days,0,0,0,0,0,0.0,2.7,4,0.0,9,96.08777777777777,0.428888888888892,2025-04-30,Yimi Garcia
garcy001,2025-05-01,778095,12,12,97.28333333333335,6.0,TOR202505010,TOR,3,value,3,0,3,0,0,0,0,0,0,0,0,2,0,0,0,0,0,0,0,0,,,1.0,,1.0,,20250501,0,TOR02,h,BOS,1,0,0,regular,y,y,12.0,9,2,4,0,,68,TOR,2025,1,2,2,True,False,True,0,9.0,9.0,22.0,9.0,1,0,2,0.6666666666666666,13,3,13,50,0.18666666666666668,False,0 days,1,0,0,0,0,0.9,2.2,5,0.0,10,96.24000000000001,1.0433333333333366,2025-05-01,Yimi Garcia
garcy001,2025-05-03,778064,32,32,95.76666666666667,12.0,TOR202505030,TOR,4,value,2,0,6,2,0,0,1,4,4,2,0,2,0,0,0,0,0,0,0,0,,1.0,,,,,20250503,0,TOR02,h,CLE,0,1,0,regular,y,y,32.0,9,1,3,0,,68,TOR,2025,1,2,2,True,False,True,1,0.0,21.0,21.0,12.0,0,2,0,0.0,14,6,15,53,0.19607843137254902,False,1 day,0,1,0,0,0,2.1,2.1,5,0.0,11,96.44266666666667,-0.6760000000000019,2025-05-03,Yimi Garcia
garcy001,2025-05-06,778025,24,24,94.98333333333333,12.0,ANA202505060,TOR,5,value,1,0,4,1,0,0,0,3,3,1,0,1,0,0,0,1,0,1,0,0,,1.0,,,,,20250506,0,ANA01,v,ANA,0,1,0,regular,y,y,24.0,8,3,2,0,,61,ANA,2025,0,1,1,True,False,True,2,0.0,32.0,53.0,32.0,0,1,0,0.0,15,4,15,59,0.18867924528301888,False,2 days,0,0,1,0,0,3.2,5.3,5,0.0,12,96.292,-1.3086666666666673,2025-05-06,Yimi Garcia
garcy001,2025-05-09,777984,28,28,96.92727272727274,11.0,SEA202505090,TOR,3,value,3,0,6,1,0,0,0,0,0,2,0,2,0,1,0,0,0,0,0,0,,,,,,,20250509,0,SEA03,v,SEA,1,0,0,regular,y,y,28.0,8,5,3,0,,64,SEA,2025,0,2,2,True,False,True,2,0.0,24.0,56.0,24.0,0,2,0,0.0,16,6,15,63,0.18404907975460122,False,2 days,0,0,1,0,0,2.4,5.6,5,0.0,13,96.07666666666667,0.8506060606060686,2025-05-09,Yimi Garcia
garcy001,2025-05-18,777871,17,17,97.21666666666665,12.0,TOR202505180,TOR,4,value,3,0,4,0,0,0,0,0,0,1,0,0,0,0,0,0,0,0,0,0,,,,,1.0,,20250518,0,TOR02,h,DET,0,1,0,regular,y,y,17.0,9,3,2,0,,68,TOR,2025,1,-1,1,True,False,True,0,8.0,8.0,15.0,8.0,1,1,-1,-0.25,19,4,16,75,0.17714285714285713,False,0 days,1,0,0,0,0,0.8,1.5,5,0.0,14,96.29545454545455,0.9212121212121076,2025-05-18,Yimi Garcia
garcy001,2025-07-02,777274,34,34,95.78333333333335,12.0,TOR202507020,TOR,4,value,3,0,7,2,0,0,1,2,2,2,0,1,0,0,0,0,0,0,0,0,1.0,,,,,,20250702,0,TOR02,h,NYA,1,0,0,regular,y,y,34.0,8,7,9,0,,74,TOR,2025,1,2,2,True,False,True,40,0.0,0.0,0.0,9.0,0,2,-1,-0.14285714285714285,21,7,15,83,0.16393442622950818,False,3+ days,0,0,0,0,0,0.0,0.0,7,0.0,15,96.43545454545455,-0.6521212121212017,2025-07-02,Yimi Garcia
greec003,2024-04-13,744953,18,18,95.00714285714285,14.0,TOR202404130,TOR,4,value,3,0,3,0,0,0,0,0,0,0,0,2,0,0,0,0,0,0,0,0,,,,,,,20240413,0,TOR02,h,COL,1,0,0,regular,y,y,18.0,8,3,5,0,,68,TOR,2024,1,2,2,True,False,True,3,0.0,0.0,48.0,25.0,0,0,2,0.6666666666666666,5,3,2,22,0.13934426229508196,False,3+ days,0,0,0,0,0,0.0,4.8,4,0.0,5,95.28921645021644,-0.2820735930735907,2024-04-13,Chad Green
greec003,2024-04-15,744951,17,17,95.22999999999999,10.0,TOR202404150,TOR,3,value,3,0,3,0,0,0,0,0,0,0,0,1,0,0,0,0,0,0,0,0,,,,,,,20240415,0,TOR02,h,NYA,1,0,0,regular,y,y,17.0,8,1,3,0,,68,TOR,2024,1,2,2,True,False,True,1,0.0,18.0,66.0,18.0,0,0,1,0.3333333333333333,6,3,4,25,0.152,False,1 day,0,1,0,0,0,1.8,6.6,4,0.0,6,95.22519047619048,0.004809523809512939,2024-04-15,Chad Green
greec003,2024-05-28,746791,12,12,94.69999999999999,9.0,CHA202405280,TOR,2,value,3,0,4,1,0,0,0,0,0,0,0,0,0,0,0,0,0,0,0,0,,,,,,,20240528,0,CHI12,v,CHA,1,0,0,regular,y,y,12.0,7,4,1,0,,61,CHA,2024,0,3,3,True,False,True,42,0.0,0.0,0.0,17.0,0,0,0,0.0,7,4,5,28,0.15625,False,3+ days,0,0,0,0,0,0.0,0.0,5,0.0,7,95.09785714285714,-0.39785714285714846,2024-05-28,Chad Green
greec003,2024-05-31,744928,11,11,94.86666666666667,6.0,TOR202405310,TOR,2,value,3,0,3,0,0,0,0,0,0,0,0,0,0,0,0,0,0,0,0,0,,,,,,,20240531,0,TOR02,h,PIT,1,0,0,regular,y,y,11.0,8,1,1,0,,71,TOR,2024,1,0,0,True,False,True,2,0.0,12.0,12.0,12.0,0,0,0,0.0,8,3,5,32,0.15151515151515152,False,2 days,0,0,1,0,0,1.2,1.2,5,0.0,8,95.05385714285714,-0.18719047619046592,2024-05-31,Chad Green
greec003,2024-06-02,744929,27,27,94.82222222222222,18.0,TOR202406020,TOR,2,value,3,0,5,0,0,0,0,0,0,2,0,2,0,0,0,0,0,0,0,0,,,,,,,20240602,0,TOR02,h,PIT,1,0,0,regular,y,y,27.0,6,3,4,0,,68,TOR,2024,1,1,1,True,False,True,1,0.0,11.0,23.0,11.0,0,2,0,0.0,9,5,5,35,0.14814814814814814,False,1 day,0,1,0,0,0,1.1,2.3,6,0.0,9,94.97576190476191,-0.1535396825396873,2024-06-02,Chad Green
greec003,2024-06-05,744927,15,15,94.42999999999999,10.0,TOR202406050,TOR,3,value,4,0,4,0,0,0,0,0,0,0,0,0,0,0,0,0,0,0,0,0,,,,,,,20240605,0,TOR02,h,BAL,1,0,0,regular,y,y,15.0,7,2,2,1,,68,TOR,2024,1,0,0,True,False,True,2,0.0,27.0,38.0,27.0,0,0,0,0.0,10,4,5,40,0.14285714285714285,False,2 days,0,0,1,0,0,2.7,3.8,6,0.0,10,94.92520634920633,-0.49520634920634166,2024-06-05,Chad Green
greec003,2024-06-09,745651,16,16,95.0923076923077,13.0,OAK202406090,TOR,5,value,4,0,4,0,0,0,0,0,0,0,0,2,0,0,0,0,0,0,0,0,,,,,,,20240609,0,OAK01,v,OAK,1,0,0,regular,y,y,16.0,7,2,3,1,,67,OAK,2024,0,-1,1,True,False,True,1,0.0,1.0,43.0,1.0,0,0,2,0.5,12,4,5,45,0.13793103448275862,False,1 day,0,1,0,0,0,0.1,4.3,6,0.0,11,94.80977777777778,0.28252991452991694,2024-06-09,Chad Green
greec003,2024-06-11,745981,6,6,94.78,5.0,MIL202406110,TOR,3,value,3,0,3,0,0,0,0,0,0,0,0,0,0,0,0,0,0,0,0,0,,,,,,,20240611,0,MIL06,v,MIL,1,0,0,regular,y,y,6.0,7,2,0,0,,72,MIL,2024,0,2,2,True,False,True,1,0.0,16.0,32.0,16.0,0,0,0,0.0,13,3,7,49,0.1476510067114094,False,1 day,0,1,0,0,0,1.6,3.2,6,0.0,12,94.78223931623931,-0.0022393162393115063,2024-06-11,Chad Green
greec003,2024-06-18,744917,12,12,94.8625,8.0,TOR202406180,TOR,4,value,1,0,2,1,0,0,0,0,0,0,0,1,0,0,0,0,0,2,0,0,,,,,,,20240618,0,TOR02,h,BOS,0,1,0,regular,y,y,12.0,8,3,3,1,,72,TOR,2024,1,0,0,True,False,True,1,0.0,7.0,13.0,7.0,0,0,1,0.5,15,2,8,55,0.14838709677419354,False,1 day,0,1,0,0,0,0.7,1.3,6,0.0,13,94.79823931623932,0.06426068376067917,2024-06-18,Chad Green
greec003,2024-06-23,746621,14,14,94.93636363636364,11.0,CLE202406230,TOR,6,value,3,0,5,2,0,0,0,0,0,0,0,1,0,0,0,0,0,0,0,0,,,,,1.0,,20240623,0,CLE08,v,CLE,0,1,0,regular,y,y,14.0,8,5,6,0,,78,CLE,2024,0,-1,1,True,False,True,4,0.0,0.0,19.0,12.0,0,0,1,0.2,16,5,9,57,0.15286624203821655,False,3+ days,0,0,0,0,0,0.0,1.9,6,0.0,14,94.79740598290599,0.138957653457652,2024-06-23,Chad Green
greec003,2024-06-25,746943,13,13,95.43636363636364,11.0,BOS202406250,TOR,4,value,3,0,3,0,0,0,0,0,0,0,0,1,0,0,0,0,0,0,0,0,,,,,1.0,,20240625,0,BOS07,v,BOS,1,0,0,regular,y,y,13.0,9,9,4,0,,85,BOS,2024,0,5,5,True,False,True,1,0.0,14.0,26.0,14.0,0,0,1,0.3333333333333333,17,3,10,62,0.15432098765432098,False,1 day,0,1,0,0,0,1.4,2.6,6,0.0,15,94.82023426573427,0.6161293706293662,2024-06-25,Chad Green
greec003,2024-06-30,744916,14,14,95.65555555555555,9.0,TOR202406300,TOR,5,value,3,0,4,1,0,0,0,0,0,0,0,0,0,0,0,0,0,0,0,0,,,,,,,20240630,0,TOR02,h,NYA,0,1,0,regular,y,y,14.0,8,8,1,0,,64,TOR,2024,1,-7,7,True,False,True,4,0.0,0.0,27.0,13.0,0,0,0,0.0,19,4,11,65,0.15757575757575756,False,3+ days,0,0,0,0,0,0.0,2.7,6,0.0,16,95.021506993007,0.634048562548557,2024-06-30,Chad Green
greec003,2024-07-02,744913,16,16,95.725,8.0,TOR202407020,TOR,4,value,3,0,4,1,1,0,0,0,0,0,0,2,0,0,0,0,0,0,0,0,,,1.0,,1.0,,20240702,0,TOR02,h,HOU,1,0,0,regular,y,y,16.0,9,6,7,0,,68,TOR,2024,1,1,1,True,False,True,1,0.0,14.0,27.0,14.0,0,0,2,0.5,20,4,11,69,0.15384615384615385,False,1 day,0,1,0,0,0,1.4,2.7,7,0.0,17,95.13415656565657,0.5908434343434266,2024-07-02,Chad Green
greec003,2024-07-06,745235,27,27,95.92222222222222,18.0,SEA202407060,TOR,4,value,4,0,5,1,0,0,1,1,1,0,0,2,0,0,0,0,0,0,0,0,,,1.0,,1.0,,20240706,0,SEA03,v,SEA,1,0,0,regular,y,y,27.0,8,5,3,1,,78,SEA,2024,0,2,2,True,False,True,1,0.0,10.0,40.0,10.0,0,0,2,0.4,22,5,12,77,0.15254237288135594,False,1 day,0,1,0,0,0,1.0,4.0,7,0.0,18,95.32315656565656,0.5990656565656565,2024-07-06,Chad Green
greec003,2024-07-07,745233,26,22,96.34,10.0,SEA202407070,TOR,5,value,3,0,6,2,1,0,0,0,0,1,1,2,0,0,0,0,0,0,0,0,1.0,,,,,,20240707,0,SEA03,v,SEA,1,0,0,regular,y,y,22.0,9,4,4,0,,74,SEA,2024,0,0,0,True,False,True,0,27.0,37.0,67.0,27.0,1,0,2,0.3333333333333333,23,6,14,82,0.15934065934065933,False,0 days,1,0,0,1,0,3.7,6.7,7,4.0,19,95.535101010101,0.8048989898990015,2024-07-07,Chad Green
greec003,2024-07-11,745313,21,21,95.20588235294117,17.0,SFN202407110,TOR,3,value,3,0,4,1,0,0,1,1,1,0,0,1,0,0,0,0,0,0,0,0,,,1.0,,1.0,,20240711,0,SFO03,v,SFN,1,0,0,regular,y,y,21.0,9,5,2,0,,78,SFN,2024,0,3,3,True,False,True,3,0.0,0.0,59.0,22.0,0,0,1,0.25,24,4,16,88,0.16489361702127658,False,3+ days,0,0,0,0,0,0.0,5.9,7,0.0,20,95.81582828282828,-0.6099459298871039,2024-07-11,Chad Green
greec003,2024-07-12,747175,20,18,95.43076923076923,13.0,ARI202407120,TOR,6,value,2,0,5,0,0,0,0,1,1,3,1,1,0,0,0,0,1,2,0,0,,1.0,,,1.0,,20240712,0,PHO01,v,ARI,0,1,0,regular,y,y,18.0,9,4,4,0,,78,ARI,2024,0,0,0,True,False,True,0,21.0,21.0,70.0,21.0,1,2,-1,-0.2,25,5,17,92,0.16666666666666666,False,0 days,1,0,0,1,0,2.1,7.0,7,2.0,21,95.76973202614379,-0.338962795374556,2024-07-12,Chad Green
greec003,2024-07-14,747176,15,15,95.58181818181819,11.0,ARI202407140,TOR,6,value,4,0,5,1,0,0,0,0,0,0,0,1,0,0,0,0,0,0,0,0,,,1.0,,1.0,,20240714,0,PHO01,v,ARI,1,0,0,regular,y,y,15.0,8,8,7,1,,77,ARI,2024,0,1,1,True,False,True,1,0.0,39.0,61.0,18.0,0,0,1,0.2,26,5,16,97,0.15736040609137056,False,1 day,0,1,0,0,0,3.9,6.1,7,0.0,22,95.72477476118652,-0.14295657936833095,2024-07-14,Chad Green
greec003,2024-07-21,744909,14,14,95.7125,8.0,TOR202407210,TOR,3,value,5,0,5,0,0,0,0,0,0,0,0,0,0,0,0,0,0,0,0,0,,,1.0,,1.0,,20240721,0,TOR02,h,DET,1,0,0,regular,y,y,14.0,8,4,5,2,,74,TOR,2024,1,1,1,True,False,True,1,0.0,7.0,22.0,7.0,0,0,0,0.0,28,5,17,105,0.15609756097560976,False,1 day,0,1,0,0,0,0.7,2.2,7,0.0,23,95.69613839755017,0.016361602449833867,2024-07-21,Chad Green
greec003,2024-07-24,744905,15,15,95.53333333333333,9.0,TOR202407240,TOR,3,value,3,0,3,0,0,0,0,0,0,0,0,1,0,0,0,0,0,0,0,0,,,,,,,20240724,0,TOR02,h,TBA,1,0,0,regular,y,y,15.0,7,2,2,0,,78,TOR,2024,1,0,0,True,False,True,2,0.0,14.0,21.0,14.0,0,0,1,0.3333333333333333,29,3,17,110,0.1523809523809524,False,2 days,0,0,1,0,0,1.4,2.1,7,0.0,24,95.65419395310572,-0.12086061977238671,2024-07-24,Chad Green
greec003,2024-07-26,744906,17,17,95.875,12.0,TOR202407260,TOR,5,value,4,0,4,0,0,0,0,0,0,0,0,2,0,0,0,0,0,0,0,0,1.0,,,,1.0,,20240726,0,TOR02,h,TEX,1,0,0,regular,y,y,17.0,8,5,5,1,,75,TOR,2024,1,0,0,True,False,True,1,0.0,15.0,36.0,15.0,0,0,2,0.5,30,4,18,113,0.15492957746478872,False,1 day,0,1,0,0,0,1.5,3.6,7,0.0,25,95.49286061977239,0.3821393802276134,2024-07-26,Chad Green
greec003,2024-07-29,747039,11,11,95.0625,8.0,BAL202407292,TOR,3,value,4,0,4,0,0,0,0,0,0,0,0,1,0,0,0,0,0,0,0,0,,,,,,,20240729,2,BAL12,v,BAL,1,0,0,regular,y,y,11.0,7,6,4,2,,83,BAL,2024,0,2,2,True,False,True,2,0.0,17.0,32.0,17.0,0,0,1,0.25,31,4,20,117,0.16129032258064516,False,2 days,0,0,1,0,0,1.7,3.2,7,0.0,26,95.62668414918416,-0.5641841491841575,2024-07-29,Chad Green
greec003,2024-08-02,745719,16,16,96.4,8.0,NYA202408020,TOR,5,value,3,0,3,0,0,0,0,0,0,0,0,3,0,0,0,0,0,0,0,0,,,1.0,,1.0,,20240802,0,NYC21,v,NYA,1,0,0,regular,y,y,16.0,9,8,5,0,,76,NYA,2024,0,3,3,True,False,True,3,0.0,0.0,28.0,11.0,0,0,3,1.0,32,3,21,121,0.16289592760180996,False,3+ days,0,0,0,0,0,0.0,2.8,8,0.0,27,95.55303030303031,0.846969696969694,2024-08-02,Chad Green
greec003,2024-08-04,745718,23,19,95.67777777777778,9.0,NYA202408040,TOR,7,value,4,0,6,1,1,0,0,0,0,1,1,0,0,0,0,0,0,0,0,0,,,,,,,20240804,0,NYC21,v,NYA,0,1,0,regular,y,y,19.0,8,3,3,1,,79,NYA,2024,0,0,0,True,False,True,1,0.0,16.0,27.0,16.0,0,0,0,0.0,33,6,24,124,0.17410714285714285,False,1 day,0,1,0,0,0,1.6,2.7,8,4.0,28,95.71666666666667,-0.038888888888891415,2024-08-04,Chad Green
greec003,2024-08-06,744901,12,12,95.61,10.0,TOR202408060,TOR,3,value,3,0,3,0,0,0,0,0,0,0,0,1,0,0,0,0,0,0,0,0,,,1.0,,1.0,,20240806,0,TOR02,h,BAL,1,0,0,regular,y,y,12.0,9,2,5,0,,71,TOR,2024,1,3,3,True,False,True,1,0.0,19.0,35.0,19.0,0,0,1,0.3333333333333333,34,3,24,130,0.16956521739130434,False,1 day,0,1,0,0,0,1.9,3.5,8,0.0,29,95.70972222222223,-0.09972222222222626,2024-08-06,Chad Green
greec003,2024-08-08,744899,19,19,95.9909090909091,11.0,TOR202408080,TOR,3,value,3,0,5,2,1,0,0,1,1,0,0,1,0,0,0,0,0,0,0,0,,,1.0,,1.0,,20240808,0,TOR02,h,BAL,1,0,0,regular,y,y,19.0,9,2,7,3,,68,TOR,2024,1,5,5,True,False,True,1,0.0,12.0,47.0,12.0,0,0,1,0.2,35,5,25,133,0.17167381974248927,False,1 day,0,1,0,0,0,1.2,4.7,8,0.0,30,95.72505555555556,0.2658535353535427,2024-08-08,Chad Green
greec003,2024-08-09,744900,11,11,94.75714285714285,7.0,TOR202408090,TOR,3,value,3,0,3,0,0,0,0,0,0,0,0,0,0,0,0,0,0,0,0,0,,,1.0,,1.0,,20240809,0,TOR02,h,OAK,1,0,0,regular,y,y,11.0,9,1,3,0,,79,TOR,2024,1,2,2,True,False,True,0,19.0,31.0,66.0,19.0,1,0,0,0.0,36,3,26,138,0.1722689075630252,False,0 days,1,0,0,0,0,3.1,6.6,8,0.0,31,95.74823737373738,-0.9910945165945293,2024-08-09,Chad Green
greec003,2024-08-12,746192,15,15,96.27777777777777,9.0,ANA202408120,TOR,4,value,3,0,4,1,0,0,1,1,1,0,0,0,0,0,0,0,0,0,0,0,,,1.0,,1.0,,20240812,0,ANA01,v,ANA,1,0,0,regular,y,y,15.0,9,4,1,0,,82,ANA,2024,0,3,3,True,False,True,2,0.0,11.0,42.0,11.0,0,0,0,0.0,37,4,26,141,0.17012448132780084,False,2 days,0,0,1,0,0,1.1,4.2,8,0.0,32,95.68716594516594,0.5906118326118275,2024-08-12,Chad Green
greec003,2024-08-16,746843,12,12,95.91666666666667,6.0,CHN202408160,TOR,6,value,0,2,2,1,0,0,0,1,0,1,0,0,0,0,0,0,0,0,0,0,,1.0,,,1.0,,20240816,0,CHI11,v,CHN,0,1,0,regular,y,y,12.0,10,5,5,1,,81,CHN,2024,0,0,0,True,False,True,3,0.0,0.0,26.0,15.0,0,1,-1,-0.5,38,2,26,145,0.1673469387755102,False,3+ days,0,0,0,0,0,0.0,2.6,8,0.0,33,95.6627215007215,0.2539451659451686,2024-08-16,Chad Green
greec003,2024-08-18,746838,9,9,95.48333333333333,6.0,CHN202408180,TOR,4,value,3,0,4,1,0,0,0,0,0,0,0,0,0,0,0,0,0,1,0,0,,,1.0,,1.0,,20240818,0,CHI11,v,CHN,1,0,0,regular,y,y,9.0,9,1,0,0,,74,CHN,2024,0,1,1,True,False,True,1,0.0,12.0,27.0,12.0,0,0,0,0.0,39,4,25,147,0.16194331983805668,False,1 day,0,1,0,0,0,1.2,2.7,8,0.0,34,95.71049927849927,-0.22716594516593602,2024-08-18,Chad Green
greec003,2024-08-21,744893,12,12,95.97777777777779,9.0,TOR202408210,TOR,6,value,3,0,3,0,0,0,0,0,0,0,0,1,0,0,0,0,0,0,0,0,,,,,1.0,,20240821,0,TOR02,h,CIN,0,1,0,regular,y,y,12.0,9,11,6,0,,70,TOR,2024,1,-5,5,True,False,True,2,0.0,9.0,21.0,9.0,0,0,1,0.3333333333333333,40,3,25,151,0.1593625498007968,False,2 days,0,0,1,0,0,0.9,2.1,8,0.0,35,95.68516594516595,0.2926118326118399,2024-08-21,Chad Green
greec003,2024-08-23,744889,15,15,95.9,8.0,TOR202408230,TOR,4,value,3,0,4,1,0,0,0,0,0,0,0,1,0,0,0,0,0,1,0,0,1.0,,,,1.0,,20240823,0,TOR02,h,ANA,1,0,0,regular,y,y,15.0,9,4,3,0,,76,TOR,2024,1,-1,1,True,False,True,1,0.0,12.0,33.0,12.0,0,0,1,0.25,41,4,26,154,0.16141732283464566,False,1 day,0,1,0,0,0,1.2,3.3,8,0.0,36,95.68253968253968,0.21746031746032202,2024-08-23,Chad Green
greec003,2024-08-24,744890,14,14,95.94,5.0,TOR202408240,TOR,2,value,3,0,3,0,0,0,0,0,0,0,0,1,0,0,0,0,0,0,0,0,,,1.0,,1.0,,20240824,0,TOR02,h,ANA,1,0,0,regular,y,y,14.0,9,1,3,0,,76,TOR,2024,1,2,2,True,False,True,0,15.0,27.0,36.0,15.0,1,0,1,0.3333333333333333,42,3,27,158,0.16279069767441862,False,0 days,1,0,0,0,0,2.7,3.6,8,0.0,37,95.91111111111113,0.02888888888887209,2024-08-24,Chad Green
greec003,2024-09-01,745861,26,26,96.18571428571428,14.0,MIN202409010,TOR,6,value,3,0,6,3,0,0,1,3,3,0,0,1,0,0,0,0,0,0,0,0,,1.0,,,1.0,,20240901,0,MIN04,v,MIN,0,1,0,regular,y,y,26.0,8,3,1,0,,69,MIN,2024,0,2,2,True,False,True,2,0.0,13.0,32.0,13.0,0,0,1,0.16666666666666666,44,6,28,165,0.16226415094339622,False,2 days,0,0,1,0,0,1.3,3.2,9,0.0,38,95.84355555555557,0.34215873015871523,2024-09-01,Chad Green
greec003,2024-09-03,744891,30,30,96.125,16.0,TOR202409030,TOR,6,value,2,0,5,3,1,0,1,3,3,0,0,2,0,0,0,0,0,0,0,0,,1.0,,,,,20240903,0,TOR02,h,PHI,0,1,0,regular,y,y,30.0,9,7,8,0,,69,TOR,2024,1,1,1,True,False,True,1,0.0,26.0,39.0,26.0,0,0,2,0.4,45,5,29,171,0.16236162361623616,False,1 day,0,1,0,0,0,2.6,3.9,9,0.0,39,95.89736507936507,0.22763492063492663,2024-09-03,Chad Green
greec003,2024-09-08,747072,13,13,95.85714285714286,7.0,ATL202409080,TOR,6,value,3,0,4,2,0,0,0,1,1,0,0,0,0,0,0,0,1,0,0,0,,,,,,,20240908,0,ATL03,v,ATL,0,1,0,regular,y,y,13.0,9,2,1,0,,76,ATL,2024,0,1,1,True,False,True,4,0.0,0.0,56.0,30.0,0,0,0,0.0,46,4,31,176,0.16666666666666666,False,3+ days,0,0,0,0,0,0.0,5.6,9,0.0,40,96.0256984126984,-0.16855555555554247,2024-09-08,Chad Green
greec003,2024-09-10,744886,15,15,95.82,10.0,TOR202409100,TOR,5,value,3,0,3,0,0,0,0,0,0,0,0,1,0,0,0,0,0,0,0,0,,,,,1.0,,20240910,0,TOR02,h,NYN,1,0,0,regular,y,y,15.0,9,2,6,0,,71,TOR,2024,1,4,4,True,False,True,1,0.0,13.0,43.0,13.0,0,0,1,0.3333333333333333,47,3,31,180,0.16428571428571428,False,1 day,0,1,0,0,0,1.3,4.3,9,0.0,41,96.00157142857144,-0.18157142857144493,2024-09-10,Chad Green
greec003,2024-09-11,744881,31,31,94.6,13.0,TOR202409110,TOR,2,value,2,0,6,1,0,0,0,4,4,3,0,0,0,0,0,0,2,0,0,0,,1.0,,,,,20240911,0,TOR02,h,NYN,0,1,0,regular,y,y,31.0,9,1,1,0,,68,TOR,2024,1,0,0,True,False,True,0,15.0,28.0,28.0,15.0,1,3,-3,-0.5,48,6,32,183,0.16607773851590105,False,0 days,1,0,0,0,0,2.8,2.8,9,0.0,42,95.98557142857143,-1.3855714285714384,2024-09-11,Chad Green
greec003,2024-09-15,744883,22,22,95.85714285714286,14.0,TOR202409150,TOR,6,value,3,0,5,2,0,0,0,0,0,0,0,1,0,0,0,0,0,0,0,0,,,1.0,,1.0,,20240915,0,TOR02,h,SLN,1,0,0,regular,y,y,22.0,9,2,3,0,,74,TOR,2024,1,1,1,True,False,True,3,0.0,0.0,59.0,31.0,0,0,1,0.2,49,5,29,189,0.1522491349480969,False,3+ days,0,0,0,0,0,0.0,5.9,9,0.0,43,95.71757142857142,0.13957142857144333,2024-09-15,Chad Green
greec003,2024-09-19,744962,16,16,95.2,8.0,TEX202409190,TOR,5,value,3,0,4,1,0,0,0,0,0,0,0,1,0,0,0,0,0,0,0,0,,,,,1.0,,20240919,0,ARL03,v,TEX,1,0,0,regular,y,y,16.0,9,4,0,0,,74,TEX,2024,0,4,4,True,False,True,3,0.0,0.0,22.0,22.0,0,0,1,0.25,50,4,30,194,0.15306122448979592,False,3+ days,0,0,0,0,0,0.0,2.2,9,0.0,44,95.65185714285715,-0.4518571428571505,2024-09-19,Chad Green
greec003,2024-09-24,744876,10,10,95.37142857142858,7.0,TOR202409240,TOR,5,value,4,0,4,1,0,0,0,0,0,0,0,0,0,0,0,0,0,0,0,0,,,,,,,20240924,0,TOR02,h,BOS,0,1,0,regular,y,y,10.0,8,3,3,2,,68,TOR,2024,1,0,0,True,False,True,4,0.0,0.0,16.0,16.0,0,0,0,0.0,51,4,31,198,0.15436241610738255,False,3+ days,0,0,0,0,0,0.0,1.6,9,0.0,45,95.46685714285715,-0.09542857142857031,2024-09-24,Chad Green
greec003,2024-09-25,744877,16,16,95.34285714285714,7.0,TOR202409250,TOR,4,value,3,0,4,1,0,0,0,0,0,0,0,1,0,1,0,0,0,0,0,0,,,,,1.0,,20240925,0,TOR02,h,BOS,1,0,0,regular,y,y,16.0,9,1,6,0,,72,TOR,2024,1,5,5,True,False,True,0,10.0,10.0,26.0,10.0,1,0,1,0.25,52,4,31,202,0.152317880794702,False,0 days,1,0,0,0,0,1.0,2.6,9,0.0,46,95.36971428571428,-0.026857142857139138,2024-09-25,Chad Green
greec003,2025-04-08,778404,14,14,94.24285714285715,7.0,BOS202504080,TOR,2,value,2,0,3,1,0,0,0,0,0,0,0,1,0,0,0,0,0,0,0,0,,,,,,,20250408,0,BOS07,v,BOS,1,0,0,regular,y,y,14.0,6,4,0,1,,35,BOS,2025,0,4,4,True,False,True,1,0.0,21.0,36.0,21.0,0,0,1,0.3333333333333333,5,3,4,18,0.16101694915254236,False,1 day,0,1,0,0,0,2.1,3.6,4,0.0,4,94.42406177156177,-0.18120462870462006,2025-04-08,Chad Green
greec003,2025-04-10,778377,23,23,94.725,16.0,BOS202504100,TOR,2,value,4,0,4,0,0,0,0,0,0,1,0,2,0,0,0,0,0,0,1,0,,,,,,,20250410,0,BOS07,v,BOS,0,1,0,regular,y,y,23.0,6,0,1,2,,49,BOS,2025,0,-1,1,True,False,True,1,0.0,14.0,35.0,14.0,0,1,1,0.25,6,4,5,21,0.1652892561983471,False,1 day,0,1,0,0,0,1.4,3.5,4,0.0,5,94.38782084582085,0.3371791541791396,2025-04-10,Chad Green
greec003,2025-04-15,778311,21,21,94.77142857142857,14.0,TOR202504150,TOR,5,value,3,0,5,2,0,0,1,1,1,0,0,0,0,0,0,0,0,0,0,0,,,,,1.0,,20250415,0,TOR02,h,ATL,1,0,0,regular,y,y,21.0,9,2,6,0,,68,TOR,2025,1,4,4,True,False,True,2,0.0,5.0,42.0,5.0,0,0,0,0.0,8,5,6,27,0.16535433070866143,False,2 days,0,0,1,0,0,0.5,4.2,4,0.0,6,94.30082084582085,0.4706077256077208,2025-04-15,Chad Green
greec003,2025-04-19,778258,22,22,95.72222222222223,9.0,TOR202504190,TOR,4,value,3,0,5,2,0,0,0,0,0,0,0,1,0,0,0,0,0,0,0,0,,,,,,,20250419,0,TOR02,h,SEA,0,1,0,regular,y,y,22.0,9,3,3,0,,68,TOR,2025,1,0,0,True,False,True,0,5.0,5.0,31.0,5.0,1,0,1,0.2,10,5,6,33,0.15789473684210525,False,0 days,1,0,0,0,0,0.5,3.1,4,0.0,7,94.30965201465202,1.4125702075702122,2025-04-19,Chad Green
greec003,2025-04-23,778200,25,25,94.79285714285713,14.0,HOU202504230,TOR,2,value,4,0,6,2,0,0,0,0,0,0,0,1,0,0,0,0,0,0,0,0,,,,,,,20250423,0,HOU03,v,HOU,0,1,0,regular,y,y,25.0,5,1,3,1,,73,HOU,2025,0,-2,2,True,False,True,3,0.0,0.0,27.0,22.0,0,0,1,0.16666666666666666,11,6,7,38,0.15942028985507245,False,3+ days,0,0,0,0,0,0.0,2.7,4,0.0,8,94.65076312576313,0.14209401709399572,2025-04-23,Chad Green
greec003,2025-04-27,778170,19,19,94.97500000000001,12.0,NYA202504272,TOR,4,value,3,0,4,2,0,0,1,1,1,0,0,1,0,0,0,0,0,0,1,0,,,,,1.0,,20250427,2,NYC21,v,NYA,0,1,0,regular,y,y,19.0,8,1,4,0,,58,NYA,2025,0,-3,3,True,False,True,3,0.0,0.0,25.0,25.0,0,0,1,0.25,12,4,8,44,0.1597222222222222,False,3+ days,0,0,0,0,0,0.0,2.5,4,0.0,9,94.85087301587302,0.1241269841269883,2025-04-27,Chad Green
greec003,2025-04-30,778114,12,12,94.78333333333335,6.0,TOR202504300,TOR,3,value,3,0,5,1,0,0,1,2,2,1,0,0,0,0,0,0,0,0,0,0,,,,,,,20250430,0,TOR02,h,BOS,1,0,0,regular,y,y,12.0,6,4,0,0,,68,TOR,2025,1,-4,4,True,False,True,2,0.0,19.0,44.0,19.0,0,1,-1,-0.2,13,5,9,48,0.16216216216216217,False,2 days,0,0,1,0,0,1.9,4.4,4,0.0,10,94.99730158730158,-0.2139682539682326,2025-04-30,Chad Green
greec003,2025-05-02,778081,11,11,95.46000000000001,5.0,TOR202505020,TOR,2,value,3,0,4,0,0,0,0,0,0,0,0,0,1,0,0,0,0,0,0,0,,,,,,,20250502,0,TOR02,h,CLE,1,0,0,regular,y,y,11.0,6,3,3,1,,68,TOR,2025,1,0,0,True,False,True,1,0.0,12.0,31.0,12.0,0,0,0,0.0,14,4,8,53,0.1503267973856209,False,1 day,0,1,0,0,0,1.2,3.1,5,0.0,11,95.00896825396826,0.45103174603174523,2025-05-02,Chad Green
greec003,2025-05-03,778064,17,17,95.64,5.0,TOR202505030,TOR,3,value,3,0,4,1,0,0,1,1,1,0,0,3,0,0,0,0,0,0,0,0,,,,,,,20250503,0,TOR02,h,CLE,0,1,0,regular,y,y,17.0,8,0,3,0,,68,TOR,2025,1,3,3,True,False,True,0,11.0,23.0,42.0,11.0,1,0,3,0.75,15,4,8,57,0.1464968152866242,False,0 days,1,0,0,0,0,2.3,4.2,5,0.0,12,95.14668253968253,0.4933174603174706,2025-05-03,Chad Green
greec003,2025-05-08,778000,9,9,95.0375,8.0,ANA202505080,TOR,3,value,3,0,3,0,0,0,0,0,0,0,0,2,0,0,0,0,0,0,0,0,,,1.0,,1.0,,20250508,0,ANA01,v,ANA,1,0,0,regular,y,y,9.0,9,8,5,0,,76,ANA,2025,0,3,3,True,False,True,1,0.0,20.0,48.0,20.0,0,0,2,0.6666666666666666,17,3,11,66,0.1566265060240964,False,1 day,0,1,0,0,0,2.0,4.8,5,0.0,13,95.13023809523808,-0.09273809523809007,2025-05-08,Chad Green
greec003,2025-05-13,777935,14,14,96.0875,8.0,TOR202505130,TOR,3,value,4,0,4,0,0,0,0,0,0,0,0,1,0,0,0,0,0,0,0,0,,,,,,,20250513,0,TOR02,h,TBA,0,1,0,regular,y,y,14.0,7,6,3,0,,68,TOR,2025,1,-3,3,True,False,True,4,0.0,0.0,29.0,9.0,0,0,1,0.25,18,4,13,69,0.16568047337278108,False,3+ days,0,0,0,0,0,0.0,2.9,5,0.0,14,95.17916666666667,0.9083333333333314,2025-05-13,Chad Green
greec003,2025-05-16,777906,15,15,95.32857142857142,7.0,TOR202505160,TOR,4,value,3,0,4,1,0,0,1,1,1,0,0,1,0,0,0,0,0,0,0,0,,,,,,,20250516,0,TOR02,h,DET,0,1,0,regular,y,y,15.0,8,4,3,0,,65,TOR,2025,1,-1,1,True,False,True,2,0.0,14.0,14.0,14.0,0,0,1,0.25,19,4,14,73,0.1676300578034682,False,2 days,0,0,1,0,0,1.4,1.4,5,0.0,15,95.40166666666667,-0.07309523809524876,2025-05-16,Chad Green
greec003,2025-05-17,777886,10,10,95.78333333333335,6.0,TOR202505170,TOR,4,value,3,0,4,0,0,0,0,0,0,1,0,0,0,0,0,0,0,0,0,0,,,,,,,20250517,0,TOR02,h,DET,1,0,0,regular,y,y,10.0,7,1,0,0,,68,TOR,2025,1,-1,1,True,False,True,0,15.0,15.0,29.0,15.0,1,1,-1,-0.25,20,4,15,77,0.1694915254237288,False,0 days,1,0,0,0,0,1.5,2.9,5,0.0,16,95.51071428571429,0.27261904761905953,2025-05-17,Chad Green
greec003,2025-05-22,777816,12,12,95.55,6.0,TOR202505220,TOR,4,value,2,0,2,1,0,0,0,0,0,0,0,0,0,0,0,0,0,0,1,0,,,,,,,20250522,0,TOR02,h,SDN,1,0,0,regular,y,y,12.0,7,2,4,0,,68,TOR,2025,1,2,2,True,False,True,4,0.0,0.0,25.0,10.0,0,0,0,0.0,21,2,14,81,0.16022099447513813,False,3+ days,0,0,0,0,0,0.0,2.5,5,0.0,17,95.57538095238095,-0.0253809523809565,2025-05-22,Chad Green
greec003,2025-05-23,777810,16,16,95.4,8.0,TBA202505230,TOR,3,value,3,0,3,1,0,0,0,0,0,0,0,1,0,0,0,0,0,0,1,0,,,,,,,20250523,0,TAM02,v,TBA,0,1,0,regular,y,y,16.0,7,1,3,0,,87,TBA,2025,0,-2,2,True,False,True,0,12.0,12.0,37.0,12.0,1,0,1,0.3333333333333333,22,3,14,83,0.15846994535519127,False,0 days,1,0,0,0,0,1.2,3.7,5,0.0,18,95.55738095238095,-0.1573809523809473,2025-05-23,Chad Green
greec003,2025-05-27,777741,20,16,94.25,6.0,TEX202505270,TOR,3,value,3,0,6,2,0,0,0,2,1,1,1,1,0,0,0,0,0,2,0,0,,1.0,,,1.0,,20250527,0,ARL03,v,TEX,0,1,0,regular,y,y,16.0,8,0,0,0,,74,TEX,2025,0,0,0,True,False,True,3,0.0,0.0,28.0,16.0,0,0,1,0.16666666666666666,23,6,15,86,0.16129032258064516,False,3+ days,0,0,0,0,0,0.0,2.8,5,4.0,19,95.62988095238094,-1.3798809523809439,2025-05-27,Chad Green
greec003,2025-05-30,777716,19,19,95.425,12.0,TOR202505300,TOR,5,value,3,0,6,3,2,0,0,2,2,0,0,1,0,0,0,0,0,0,0,0,,,,,1.0,,20250530,0,TOR02,h,ATH,1,0,0,regular,y,y,19.0,9,5,11,0,,64,TOR,2025,1,6,6,True,False,True,2,0.0,16.0,32.0,16.0,0,0,1,0.16666666666666666,24,6,16,92,0.16145833333333334,False,2 days,0,0,1,0,0,1.6,3.2,5,0.0,20,95.26238095238095,0.1626190476190459,2025-05-30,Chad Green
greec003,2025-06-01,777685,17,17,95.3125,8.0,TOR202506010,TOR,3,value,3,0,6,2,0,0,0,0,0,1,0,2,0,0,0,0,0,0,0,0,,,,,,,20250601,0,TOR02,h,ATH,1,0,0,regular,y,y,17.0,7,3,2,0,,68,TOR,2025,1,-1,1,True,False,True,1,0.0,19.0,35.0,19.0,0,1,1,0.16666666666666666,25,6,17,98,0.16161616161616163,False,1 day,0,1,0,0,0,1.9,3.5,6,0.0,21,95.28166666666667,0.030833333333333712,2025-06-01,Chad Green
greec003,2025-06-07,777600,15,15,95.0888888888889,9.0,MIN202506070,TOR,2,value,3,0,6,2,0,0,0,0,0,1,0,0,0,0,0,0,0,0,0,0,1.0,,,,,,20250607,0,MIN04,v,MIN,1,0,0,regular,y,y,15.0,7,2,3,0,,77,MIN,2025,0,-1,1,True,False,True,2,0.0,12.0,29.0,12.0,0,1,-1,-0.16666666666666666,27,6,19,107,0.1642512077294686,False,2 days,0,0,1,0,0,1.2,2.9,6,0.0,22,95.1875,-0.09861111111109722,2025-06-07,Chad Green
greec003,2025-06-10,777558,19,19,95.91111111111111,9.0,SLN202506100,TOR,3,value,3,0,7,4,0,0,1,3,3,0,0,0,0,0,0,0,0,0,0,0,,,,,,,20250610,0,STL10,v,SLN,1,0,0,regular,y,y,19.0,8,8,4,1,,79,SLN,2025,0,4,4,True,False,True,2,0.0,15.0,27.0,15.0,0,0,0,0.0,28,7,18,113,0.15492957746478872,False,2 days,0,0,1,0,0,1.5,2.7,6,0.0,23,95.09527777777778,0.8158333333333303,2025-06-10,Chad Green
greec003,2025-06-14,777509,23,23,95.42727272727274,11.0,PHI202506140,TOR,5,value,3,0,4,1,0,0,1,1,1,0,0,0,0,0,0,0,0,0,0,0,,1.0,,,1.0,,20250614,0,PHI13,v,PHI,0,1,0,regular,y,y,23.0,8,2,2,0,,65,PHI,2025,0,0,0,True,False,True,3,0.0,0.0,34.0,19.0,0,0,0,0.0,29,4,18,120,0.15,False,3+ days,0,0,0,0,0,0.0,3.4,6,0.0,24,95.19750000000002,0.22977272727271725,2025-06-14,Chad Green
greec003,2025-06-18,777462,16,16,96.0375,8.0,TOR202506180,TOR,4,value,3,0,4,1,0,0,0,0,0,0,0,1,0,0,0,0,0,0,0,0,,,,,1.0,,20250618,0,TOR02,h,ARI,1,0,0,regular,y,y,16.0,9,1,8,0,,68,TOR,2025,1,7,7,True,False,True,3,0.0,0.0,23.0,23.0,0,0,1,0.25,30,4,18,124,0.14732142857142858,False,3+ days,0,0,0,0,0,0.0,2.3,6,0.0,25,95.43295454545455,0.6045454545454447,2025-06-18,Chad Green
greec003,2025-06-20,777435,19,19,96.425,8.0,TOR202506200,TOR,5,value,3,0,4,1,1,0,0,0,0,0,0,0,0,0,0,0,0,0,0,0,,,,,,,20250620,0,TOR02,h,CHA,0,1,0,regular,y,y,19.0,7,7,0,0,,69,TOR,2025,1,-7,7,True,False,True,1,0.0,16.0,39.0,16.0,0,0,0,0.0,31,4,19,128,0.14912280701754385,False,1 day,0,1,0,0,0,1.6,3.9,6,0.0,26,95.55545454545455,0.8695454545454453,2025-06-20,Chad Green
greec003,2025-06-21,777418,12,12,94.71666666666665,6.0,TOR202506210,TOR,3,value,3,0,3,0,0,0,0,0,0,0,0,1,0,0,0,0,0,0,0,0,,,,,1.0,,20250621,0,TOR02,h,CHA,1,0,0,regular,y,y,12.0,9,1,7,0,,68,TOR,2025,1,6,6,True,False,True,0,19.0,35.0,58.0,19.0,1,0,1,0.3333333333333333,32,3,19,132,0.14655172413793102,False,0 days,1,0,0,0,0,3.5,5.8,6,0.0,27,95.77795454545455,-1.061287878787894,2025-06-21,Chad Green
greec003,2025-06-24,777384,14,14,95.51428571428572,7.0,CLE202506240,TOR,4,value,2,0,3,1,0,0,1,1,1,0,0,1,0,0,0,0,0,0,0,0,,,,,,,20250624,0,CLE08,v,CLE,1,0,0,regular,y,y,14.0,7,6,1,2,,90,CLE,2025,0,5,5,True,False,True,2,0.0,12.0,47.0,12.0,0,0,1,0.3333333333333333,33,3,20,135,0.14893617021276595,False,2 days,0,0,1,0,0,1.2,4.7,6,0.0,28,95.7035101010101,-0.18922438672437636,2025-06-24,Chad Green
greec003,2025-06-26,777354,21,21,95.98571428571428,14.0,CLE202506260,TOR,2,value,3,0,4,0,0,0,0,0,0,1,0,1,0,0,0,0,0,0,0,0,,,,,1.0,,20250626,0,CLE08,v,CLE,1,0,0,regular,y,y,21.0,9,6,0,0,,85,CLE,2025,0,6,6,True,False,True,1,0.0,14.0,45.0,14.0,0,1,0,0.0,34,4,21,138,0.15126050420168066,False,1 day,0,1,0,0,0,1.4,4.5,6,0.0,29,95.62414502164502,0.36156926406926004,2025-06-26,Chad Green
greec003,2025-07-01,777283,12,12,95.53333333333335,6.0,TOR202507010,TOR,5,value,3,0,3,0,0,0,0,0,0,1,0,0,0,0,0,0,0,0,0,0,,,,,,,20250701,0,TOR02,h,NYA,1,0,0,regular,y,y,12.0,8,4,9,0,,77,TOR,2025,1,5,5,True,False,True,0,10.0,10.0,45.0,10.0,1,1,-1,-0.3333333333333333,36,3,20,145,0.14285714285714285,False,0 days,1,0,0,0,0,1.0,4.5,7,0.0,30,95.73583333333333,-0.20249999999998636,2025-07-01,Chad Green
greec003,2025-07-03,777260,23,19,95.34285714285714,7.0,TOR202507030,TOR,3,value,4,0,6,0,0,0,0,0,0,2,1,1,0,0,0,0,0,0,0,0,,,,,,,20250703,0,TOR02,h,NYA,1,0,0,regular,y,y,19.0,7,4,6,2,,74,TOR,2025,1,2,2,True,False,True,1,0.0,22.0,43.0,12.0,0,1,0,0.0,37,6,19,148,0.13709677419354838,False,1 day,0,1,0,0,0,2.2,4.3,7,4.0,31,95.635,-0.2921428571428635,2025-07-03,Chad Green
greec003,2025-07-04,777242,14,14,95.7,6.0,TOR202507040,TOR,5,value,3,0,4,0,0,0,0,0,0,0,0,1,1,0,0,0,0,0,0,0,1.0,,,,1.0,,20250704,0,TOR02,h,ANA,1,0,0,regular,y,y,14.0,10,3,3,1,,75,TOR,2025,1,0,0,True,False,True,0,19.0,31.0,41.0,19.0,1,0,1,0.25,38,4,19,154,0.13385826771653545,False,0 days,1,0,0,0,0,3.1,4.1,7,0.0,32,95.41857142857143,0.28142857142857736,2025-07-04,Chad Green
greec003,2025-07-07,777212,12,12,94.8,7.0,CHA202507070,TOR,4,value,3,0,5,2,1,0,0,0,0,0,0,0,0,0,0,0,0,0,0,0,,,,,1.0,,20250707,0,CHI12,v,CHA,1,0,0,regular,y,y,12.0,9,8,4,0,,75,CHA,2025,0,4,4,True,False,True,2,0.0,14.0,55.0,14.0,0,0,0,0.0,39,5,20,158,0.13565891472868216,False,2 days,0,0,1,0,0,1.4,5.5,7,0.0,33,95.6152380952381,-0.8152380952381009,2025-07-07,Chad Green
greec003,2025-07-12,777132,21,21,95.41428571428571,7.0,ATH202507120,TOR,4,value,3,0,4,1,0,0,0,0,0,0,0,1,0,0,0,0,0,1,0,0,,,,,1.0,,20250712,0,SAC01,v,ATH,0,1,0,regular,y,y,21.0,8,3,4,0,,87,ATH,2025,0,-1,1,True,False,True,4,0.0,0.0,12.0,12.0,0,0,1,0.25,40,4,20,163,0.13307984790874525,False,3+ days,0,0,0,0,0,0.0,1.2,7,0.0,34,95.47238095238095,-0.05809523809523398,2025-07-12,Chad Green
greec003,2025-07-19,777094,15,15,95.37142857142858,7.0,TOR202507190,TOR,2,value,3,0,4,1,0,0,1,1,1,0,0,0,0,0,0,0,0,0,0,0,,,,,,,20250719,0,TOR02,h,SFN,1,0,0,regular,y,y,15.0,7,2,4,0,,74,TOR,2025,1,2,2,True,False,True,6,0.0,0.0,21.0,21.0,0,0,0,0.0,41,4,21,167,0.1348314606741573,False,3+ days,0,0,0,0,0,0.0,2.1,7,0.0,35,95.35809523809523,0.013333333333349628,2025-07-19,Chad Green
greec003,2025-07-24,777021,20,20,95.8125,8.0,DET202507240,TOR,2,value,3,0,7,4,0,0,1,3,3,0,0,1,0,0,0,0,0,0,0,0,,,,,1.0,,20250724,0,DET05,v,DET,1,0,0,regular,y,y,20.0,9,11,1,0,,95,DET,2025,0,10,10,True,False,True,4,0.0,0.0,15.0,15.0,0,0,1,0.14285714285714285,42,7,21,171,0.13284132841328414,False,3+ days,0,0,0,0,0,0.0,1.5,7,0.0,36,95.32571428571428,0.48678571428571615,2025-07-24,Chad Green
greec003,2025-07-27,776987,24,24,95.05833333333334,12.0,DET202507270,TOR,2,value,2,0,5,3,1,0,0,3,3,0,0,1,0,0,0,0,0,1,0,0,,,,,,,20250727,0,DET05,v,DET,0,1,0,regular,y,y,24.0,8,0,3,0,,88,DET,2025,0,-3,3,True,False,True,2,0.0,20.0,20.0,20.0,0,0,1,0.2,43,5,22,178,0.13309352517985612,False,2 days,0,0,1,0,0,2.0,2.0,7,0.0,37,95.41964285714286,-0.3613095238095241,2025-07-27,Chad Green
greec003,2025-07-29,778372,23,23,95.3,11.0,BAL202507291,TOR,3,value,3,0,7,4,0,0,2,4,4,0,0,1,0,0,0,0,0,0,0,0,,,,,,,20250729,1,BAL12,v,BAL,0,1,0,regular,y,y,23.0,7,3,10,0,,97,BAL,2025,0,-7,7,True,False,True,1,0.0,24.0,44.0,24.0,0,0,1,0.14285714285714285,44,7,23,183,0.13427561837455831,False,1 day,0,1,0,0,0,2.4,4.4,7,0.0,38,95.29130952380953,0.008690476190466256,2025-07-29,Chad Green
hoffj003,2025-04-07,778426,9,9,95.5,6.0,BOS202504070,TOR,3,value,3,0,3,0,0,0,0,0,0,0,0,1,0,0,0,0,0,0,0,0,,,,,1.0,,20250407,0,BOS07,v,BOS,1,0,0,regular,y,y,9.0,9,6,2,0,,38,BOS,2025,0,4,4,True,False,True,1,0.0,1.0,19.0,1.0,0,0,1,0.3333333333333333,5,3,5,16,0.1724137931034483,False,1 day,0,1,0,0,0,0.1,1.9,4,0.0,3,96.39021164021165,-0.8902116402116462,2025-04-07,Jeff Hoffman
hoffj003,2025-04-13,778344,24,24,97.8,10.0,BAL202504130,TOR,6,value,6,0,7,1,1,0,0,0,0,0,0,4,0,0,0,0,0,0,0,0,1.0,,,,1.0,,20250413,0,BAL12,v,BAL,1,0,0,regular,y,y,24.0,9,6,6,0,,61,BAL,2025,0,0,0,True,False,True,3,0.0,0.0,29.0,20.0,0,0,4,0.5714285714285714,7,7,9,26,0.19047619047619047,False,3+ days,0,0,0,0,0,0.0,2.9,4,0.0,4,96.16765873015873,1.6323412698412625,2025-04-13,Jeff Hoffman
hoffj003,2025-04-16,778297,19,19,97.2625,8.0,TOR202504160,TOR,5,value,3,0,4,1,0,0,1,1,1,0,0,1,0,0,0,0,0,0,0,0,,,1.0,,1.0,,20250416,0,TOR02,h,ATL,1,0,0,regular,y,y,19.0,9,0,3,0,,68,TOR,2025,1,3,3,True,False,True,2,0.0,24.0,44.0,24.0,0,0,1,0.25,8,4,13,33,0.21052631578947367,False,2 days,0,0,1,0,0,2.4,4.4,4,0.0,5,96.49412698412699,0.76837301587301,2025-04-16,Jeff Hoffman
hoffj003,2025-04-18,778273,17,17,97.61666666666667,6.0,TOR202504180,TOR,5,value,3,0,3,0,0,0,0,0,0,0,0,2,0,0,0,0,0,0,0,0,,,1.0,,1.0,,20250418,0,TOR02,h,SEA,1,0,0,regular,y,y,17.0,9,1,3,0,,68,TOR,2025,1,2,2,True,False,True,1,0.0,19.0,43.0,19.0,0,0,2,0.6666666666666666,9,3,14,37,0.2116788321167883,False,1 day,0,1,0,0,0,1.9,4.3,4,0.0,6,96.6577380952381,0.9589285714285722,2025-04-18,Jeff Hoffman
hoffj003,2025-04-23,778200,19,19,96.56666666666666,6.0,HOU202504230,TOR,4,value,3,0,4,1,0,0,0,0,0,0,0,2,0,0,0,0,0,0,0,0,,,,,1.0,,20250423,0,HOU03,v,HOU,0,1,0,regular,y,y,19.0,8,1,3,0,,73,HOU,2025,0,-2,2,True,False,True,4,0.0,0.0,36.0,17.0,0,0,2,0.5,10,4,16,40,0.22142857142857142,False,3+ days,0,0,0,0,0,0.0,3.6,4,0.0,7,96.82440476190477,-0.25773809523811053,2025-04-23,Jeff Hoffman
hoffj003,2025-04-30,778114,27,27,97.47999999999999,10.0,TOR202504300,TOR,6,value,6,0,6,0,0,0,0,0,0,0,0,3,0,0,0,0,0,0,0,0,1.0,,,,1.0,,20250430,0,TOR02,h,BOS,1,0,0,regular,y,y,27.0,9,6,6,0,,68,TOR,2025,1,0,0,True,False,True,4,0.0,0.0,32.0,13.0,0,0,3,0.5,12,6,19,48,0.22972972972972974,False,3+ days,0,0,0,0,0,0.0,3.2,4,0.0,8,96.94916666666667,0.5308333333333195,2025-04-30,Jeff Hoffman
hoffj003,2025-05-02,778081,26,26,97.31818181818181,11.0,TOR202505020,TOR,4,value,3,0,5,1,1,0,0,0,0,1,0,1,0,0,0,0,0,0,0,0,,,1.0,,1.0,,20250502,0,TOR02,h,CLE,1,0,0,regular,y,y,26.0,9,3,5,0,,68,TOR,2025,1,2,2,True,False,True,1,0.0,27.0,40.0,27.0,0,1,0,0.0,13,5,22,54,0.24025974025974026,False,1 day,0,1,0,0,0,2.7,4.0,5,0.0,9,97.34516666666666,-0.026984848484843837,2025-05-02,Jeff Hoffman
hoffj003,2025-05-09,777984,18,18,97.4,5.0,SEA202505090,TOR,4,value,3,0,4,0,0,0,0,0,0,0,0,3,0,1,0,0,0,0,0,0,,,1.0,,1.0,,20250509,0,SEA03,v,SEA,1,0,0,regular,y,y,18.0,9,6,3,0,,64,SEA,2025,0,3,3,True,False,True,1,0.0,23.0,49.0,14.0,0,0,3,0.75,16,4,22,68,0.22023809523809523,False,1 day,0,1,0,0,0,2.3,4.9,5,0.0,10,97.24880303030302,0.15119696969698282,2025-05-09,Jeff Hoffman
hoffj003,2025-05-10,777970,17,17,96.44,5.0,SEA202505100,TOR,3,value,3,0,3,0,0,0,0,0,0,0,0,3,0,0,0,0,0,0,0,0,,,1.0,,1.0,,20250510,0,SEA03,v,SEA,1,0,0,regular,y,y,17.0,9,6,3,0,,64,SEA,2025,0,3,3,True,False,True,0,18.0,32.0,41.0,18.0,1,0,3,1.0,17,3,25,72,0.23255813953488372,False,0 days,1,0,0,0,0,3.2,4.1,5,0.0,11,97.27630303030303,-0.8363030303030285,2025-05-10,Jeff Hoffman
hoffj003,2025-05-13,777935,21,21,97.08888888888889,9.0,TOR202505130,TOR,4,value,1,0,6,4,0,0,1,5,5,1,0,1,0,0,0,0,0,0,0,0,,1.0,,,,,20250513,0,TOR02,h,TBA,0,1,0,regular,y,y,21.0,9,6,7,0,,68,TOR,2025,1,1,1,True,False,True,2,0.0,17.0,58.0,17.0,0,1,0,0.0,18,6,28,75,0.24571428571428572,False,2 days,0,0,1,0,0,1.7,5.8,5,0.0,12,97.0409696969697,0.04791919191919192,2025-05-13,Jeff Hoffman
hoffj003,2025-05-22,777816,23,23,96.9,10.0,TOR202505220,TOR,6,value,3,0,5,1,0,0,1,2,2,1,0,2,0,0,0,0,0,0,0,0,,,,,,,20250522,0,TOR02,h,SDN,1,0,0,regular,y,y,23.0,9,2,4,0,,68,TOR,2025,1,2,2,True,False,True,1,0.0,9.0,19.0,9.0,0,1,1,0.2,21,5,28,87,0.22994652406417113,False,1 day,0,1,0,0,0,0.9,1.9,5,0.0,13,97.14541414141414,-0.24541414141413043,2025-05-22,Jeff Hoffman
hoffj003,2025-05-28,777724,14,14,96.68333333333334,6.0,TEX202505280,TOR,5,value,3,0,3,0,0,0,0,0,0,0,0,1,0,0,0,0,0,0,0,0,,,1.0,,1.0,,20250528,0,ARL03,v,TEX,1,0,0,regular,y,y,14.0,9,2,0,0,,74,TEX,2025,0,2,2,True,False,True,1,0.0,13.0,36.0,13.0,0,0,1,0.3333333333333333,23,3,29,95,0.22564102564102564,False,1 day,0,1,0,0,0,1.3,3.6,5,0.0,14,97.02941414141415,-0.34608080808081354,2025-05-28,Jeff Hoffman
hoffj003,2025-05-31,777701,18,18,96.42857142857143,7.0,TOR202505310,TOR,5,value,3,0,6,2,1,0,1,2,2,1,0,1,0,0,0,0,0,0,0,0,,,1.0,,1.0,,20250531,0,TOR02,h,ATH,1,0,0,regular,y,y,18.0,9,5,8,0,,68,TOR,2025,1,3,3,True,False,True,2,0.0,14.0,27.0,14.0,0,1,0,0.0,24,6,30,98,0.22727272727272727,False,2 days,0,0,1,0,0,1.4,2.7,5,0.0,15,96.90244444444444,-0.4738730158730107,2025-05-31,Jeff Hoffman
hoffj003,2025-06-01,777685,12,12,96.46666666666665,6.0,TOR202506010,TOR,5,value,3,0,3,0,0,0,0,0,0,0,0,2,0,0,0,0,0,0,0,0,,,,,1.0,,20250601,0,TOR02,h,ATH,1,0,0,regular,y,y,12.0,9,4,8,0,,68,TOR,2025,1,4,4,True,False,True,0,18.0,18.0,45.0,18.0,1,0,2,0.6666666666666666,25,3,30,104,0.22058823529411764,False,0 days,1,0,0,0,0,1.8,4.5,6,0.0,16,96.70815873015873,-0.24149206349207475,2025-06-01,Jeff Hoffman
hoffj003,2025-06-06,777615,20,20,96.54444444444444,9.0,MIN202506060,TOR,6,value,3,0,4,0,0,0,0,0,0,1,0,3,0,0,0,0,0,0,0,0,,,1.0,,1.0,,20250606,0,MIN04,v,MIN,1,0,0,regular,y,y,20.0,9,6,4,0,,71,MIN,2025,0,2,2,True,False,True,1,0.0,7.0,37.0,7.0,0,1,2,0.5,27,4,32,109,0.22488038277511962,False,1 day,0,1,0,0,0,0.7,3.7,6,0.0,17,96.71349206349205,-0.16904761904761756,2025-06-06,Jeff Hoffman
hoffj003,2025-06-07,777600,18,18,95.8625,8.0,MIN202506070,TOR,4,value,3,0,4,1,0,0,1,1,1,0,0,1,0,0,0,0,0,0,0,0,,,1.0,,1.0,,20250607,0,MIN04,v,MIN,1,0,0,regular,y,y,18.0,9,5,3,0,,77,MIN,2025,0,2,2,True,False,True,0,20.0,27.0,57.0,20.0,1,0,1,0.25,28,4,34,113,0.2300469483568075,False,0 days,1,0,0,1,0,2.7,5.7,6,0.0,18,96.60460317460317,-0.742103174603173,2025-06-07,Jeff Hoffman
hoffj003,2025-06-17,777479,10,10,96.7,7.0,TOR202506170,TOR,5,value,3,0,3,0,0,0,0,0,0,1,0,0,0,0,0,0,0,0,1,0,1.0,,,,1.0,,20250617,0,TOR02,h,ARI,1,0,0,regular,y,y,10.0,9,4,3,0,,69,TOR,2025,1,-1,1,True,False,True,6,0.0,0.0,2.0,2.0,0,1,-1,-0.3333333333333333,31,3,36,122,0.22972972972972974,False,3+ days,0,0,0,0,0,0.0,0.2,6,0.0,19,96.39710317460317,0.3028968253968287,2025-06-17,Jeff Hoffman
hoffj003,2025-06-22,777408,21,21,95.71000000000001,10.0,TOR202506220,TOR,4,value,1,0,4,1,1,0,0,1,0,1,0,0,0,0,0,0,0,0,0,0,,,,,,,20250622,0,TOR02,h,CHA,0,1,0,regular,y,y,21.0,8,1,2,2,,68,TOR,2025,1,1,1,True,False,True,1,0.0,14.0,24.0,14.0,0,1,-1,-0.25,33,4,36,129,0.22270742358078602,False,1 day,0,1,0,0,0,1.4,2.4,6,0.0,20,96.4004365079365,-0.6904365079364965,2025-06-22,Jeff Hoffman
hoffj003,2025-06-25,777368,18,18,96.84,5.0,CLE202506250,TOR,4,value,3,0,4,1,0,0,0,0,0,0,0,1,0,0,0,0,0,0,0,0,,,,,,,20250625,0,CLE08,v,CLE,0,1,0,regular,y,y,18.0,9,4,4,0,,82,CLE,2025,0,0,0,True,False,True,2,0.0,21.0,35.0,21.0,0,0,1,0.25,34,4,35,133,0.2145922746781116,False,2 days,0,0,1,0,0,2.1,3.5,6,0.0,21,96.25672222222222,0.5832777777777807,2025-06-25,Jeff Hoffman
hoffj003,2025-06-30,777295,22,22,96.85555555555555,9.0,TOR202506300,TOR,6,value,3,0,4,1,0,0,0,0,0,0,0,1,0,0,0,0,0,0,0,0,,,1.0,,1.0,,20250630,0,TOR02,h,NYA,1,0,0,regular,y,y,22.0,9,4,5,0,,68,TOR,2025,1,1,1,True,False,True,0,14.0,14.0,32.0,14.0,1,0,1,0.25,36,4,39,140,0.225,False,0 days,1,0,0,0,0,1.4,3.2,6,0.0,22,96.33138888888888,0.5241666666666731,2025-06-30,Jeff Hoffman
hoffj003,2025-07-02,777274,14,14,97.0375,8.0,TOR202507020,TOR,5,value,3,0,4,1,0,0,0,0,0,0,0,1,0,0,0,0,0,0,0,0,,,1.0,,1.0,,20250702,0,TOR02,h,NYA,1,0,0,regular,y,y,14.0,9,9,11,0,,74,TOR,2025,1,2,2,True,False,True,1,0.0,36.0,54.0,22.0,0,0,1,0.25,37,4,40,144,0.22540983606557377,False,1 day,0,1,0,0,0,3.6,5.4,7,0.0,23,96.39361111111111,0.6438888888888812,2025-07-02,Jeff Hoffman
hoffj003,2025-07-11,777152,33,33,96.75714285714285,7.0,ATH202507110,TOR,5,value,3,0,7,3,0,0,1,3,3,1,0,2,0,1,0,0,0,0,0,0,,,,,1.0,,20250711,0,SAC01,v,ATH,1,0,0,regular,y,y,33.0,9,7,3,0,,96,ATH,2025,0,4,4,True,False,True,4,0.0,0.0,7.0,7.0,0,1,1,0.14285714285714285,40,7,42,155,0.2235294117647059,False,3+ days,0,0,0,0,0,0.0,0.7,7,0.0,24,96.62861111111111,0.1285317460317401,2025-07-11,Jeff Hoffman
hoffj003,2025-07-18,777108,13,13,97.63333333333334,9.0,TOR202507180,TOR,4,value,3,0,3,0,0,0,0,0,0,0,0,3,0,0,0,0,0,0,0,0,,,,,1.0,,20250718,0,TOR02,h,SFN,1,0,0,regular,y,y,13.0,9,0,4,0,,72,TOR,2025,1,4,4,True,False,True,6,0.0,0.0,33.0,33.0,0,0,3,1.0,41,3,43,162,0.22137404580152673,False,3+ days,0,0,0,0,0,0.0,3.3,7,0.0,25,96.6400396825397,0.9932936507936461,2025-07-18,Jeff Hoffman
hoffj003,2025-07-19,777094,11,11,96.7,5.0,TOR202507190,TOR,4,value,3,0,3,1,0,0,0,0,0,0,0,1,0,0,0,0,0,0,0,0,,,1.0,,1.0,,20250719,0,TOR02,h,SFN,1,0,0,regular,y,y,11.0,9,3,6,0,,74,TOR,2025,1,3,3,True,False,True,0,13.0,13.0,13.0,13.0,1,0,1,0.3333333333333333,42,3,46,165,0.23018867924528302,False,0 days,1,0,0,0,0,1.3,1.3,7,0.0,26,97.02470634920635,-0.3247063492063518,2025-07-19,Jeff Hoffman
hoffj003,2025-07-21,777066,16,16,97.73636363636363,11.0,TOR202507210,TOR,4,value,3,0,3,0,0,0,0,0,0,0,0,3,0,0,0,0,0,0,0,0,,,1.0,,1.0,,20250721,0,TOR02,h,NYA,1,0,0,regular,y,y,16.0,9,1,4,0,,70,TOR,2025,1,3,3,True,False,True,1,0.0,24.0,24.0,11.0,0,0,3,1.0,43,3,47,168,0.23134328358208955,False,1 day,0,1,0,0,0,2.4,2.4,7,0.0,27,96.99670634920633,0.7396572871573,2025-07-21,Jeff Hoffman
hoffj003,2025-07-22,777046,11,11,97.14999999999999,6.0,TOR202507220,TOR,4,value,3,0,4,1,0,0,1,1,1,0,0,0,0,0,0,0,0,0,0,0,,1.0,,,1.0,,20250722,0,TOR02,h,NYA,0,1,0,regular,y,y,11.0,9,4,4,0,,73,TOR,2025,1,0,0,True,False,True,0,16.0,27.0,40.0,16.0,1,0,0,0.0,44,4,50,171,0.23985239852398524,False,0 days,1,0,0,0,0,2.7,4.0,7,0.0,28,97.17286796536796,-0.02286796536796487,2025-07-22,Jeff Hoffman
hoffj003,2025-07-29,776962,17,17,96.0,6.0,BAL202507292,TOR,4,value,3,0,6,2,2,0,0,1,1,0,0,1,1,0,0,0,0,0,0,0,,1.0,,,1.0,,20250729,2,BAL12,v,BAL,0,1,0,regular,y,y,17.0,8,2,2,0,,93,BAL,2025,0,0,0,True,False,True,6,0.0,0.0,11.0,11.0,0,0,1,0.16666666666666666,45,6,50,175,0.23636363636363636,False,3+ days,0,0,0,0,0,0.0,1.1,7,0.0,29,97.19536796536796,-1.1953679653679643,2025-07-29,Jeff Hoffman
hoffj003,2025-08-02,776900,18,18,96.225,8.0,TOR202508020,TOR,4,value,3,0,3,0,0,0,0,0,0,0,0,2,0,0,0,0,0,0,0,0,,,1.0,,1.0,,20250802,0,TOR02,h,KCA,1,0,0,regular,y,y,18.0,9,2,4,0,,75,TOR,2025,1,2,2,True,False,True,2,0.0,15.0,32.0,15.0,0,0,2,0.6666666666666666,47,3,52,184,0.23591549295774647,False,2 days,0,0,1,0,0,1.5,3.2,8,0.0,30,97.04393939393938,-0.8189393939393881,2025-08-02,Jeff Hoffman
hoffj003,2025-08-10,776788,33,33,96.21904761904761,21.0,LAN202508100,TOR,7,value,2,0,7,0,0,0,0,0,0,5,0,0,0,0,0,1,0,0,0,0,1.0,,,,,,20250810,0,LOS03,v,LAN,1,0,0,regular,y,y,33.0,8,4,3,2,,83,LAN,2025,0,1,1,True,False,True,6,0.0,0.0,6.0,6.0,0,5,-5,-0.7142857142857143,49,7,54,191,0.23711340206185566,False,3+ days,0,0,0,0,0,0.0,0.6,8,0.0,31,96.76227272727273,-0.5432251082251156,2025-08-10,Jeff Hoffman
hoffj003,2025-08-14,776747,12,12,96.26666666666667,6.0,TOR202508140,TOR,4,value,3,0,4,1,0,0,0,0,0,0,0,3,0,0,0,0,0,1,0,0,,,1.0,,1.0,,20250814,0,TOR02,h,CHN,1,0,0,regular,y,y,12.0,9,1,2,0,,74,TOR,2025,1,1,1,True,False,True,1,0.0,14.0,47.0,14.0,0,0,3,0.75,51,4,51,201,0.21926910299003322,False,1 day,0,1,0,0,0,1.4,4.7,8,0.0,32,96.66608225108226,-0.39941558441559266,2025-08-14,Jeff Hoffman
hoffj003,2025-08-15,776735,11,11,96.64,5.0,TOR202508150,TOR,6,value,3,0,3,0,0,0,0,0,0,0,0,3,0,0,0,0,0,0,0,0,1.0,,,,1.0,,20250815,0,TOR02,h,TEX,1,0,0,regular,y,y,11.0,9,5,6,0,,78,TOR,2025,1,1,1,True,False,True,0,12.0,26.0,59.0,12.0,1,0,3,1.0,52,3,54,205,0.2262295081967213,False,0 days,1,0,0,0,0,2.6,5.9,8,0.0,33,96.37214285714285,0.267857142857153,2025-08-15,Jeff Hoffman
hoffj003,2025-08-22,776646,18,18,95.93333333333334,6.0,MIA202508220,TOR,5,value,3,0,4,0,0,0,0,0,0,1,0,0,0,0,0,0,0,0,0,0,,,1.0,,1.0,,20250822,0,MIA02,v,MIA,1,0,0,regular,y,y,18.0,9,5,2,0,,72,MIA,2025,0,3,3,True,False,True,2,0.0,9.0,20.0,9.0,0,1,-1,-0.25,54,4,58,211,0.2347266881028939,False,2 days,0,0,1,0,0,0.9,2.0,8,0.0,34,96.27014285714286,-0.3368095238095208,2025-08-22,Jeff Hoffman
hoffj003,2025-08-23,776630,18,18,95.26666666666667,9.0,MIA202508230,TOR,4,value,3,0,5,1,0,0,0,1,1,1,0,1,0,0,0,0,0,2,0,0,,,,,,,20250823,0,MIA02,v,MIA,1,0,0,regular,y,y,18.0,9,4,3,0,,72,MIA,2025,0,1,1,True,False,True,0,18.0,18.0,27.0,18.0,1,1,0,0.0,55,5,57,215,0.22857142857142856,False,0 days,1,0,0,0,0,1.8,2.7,8,0.0,35,96.25680952380952,-0.9901428571428568,2025-08-23,Jeff Hoffman
hoffj003,2025-08-26,776582,25,25,95.28,10.0,TOR202508260,TOR,5,value,2,0,7,3,0,0,2,4,4,1,0,0,1,0,0,0,0,1,0,0,,1.0,,,,,20250826,0,TOR02,h,MIN,0,1,0,regular,y,y,25.0,9,3,4,0,,68,TOR,2025,1,1,1,True,False,True,2,0.0,18.0,45.0,18.0,0,1,-1,-0.14285714285714285,56,7,57,220,0.225,False,2 days,0,0,1,0,0,1.8,4.5,8,0.0,36,96.06514285714286,-0.7851428571428585,2025-08-26,Jeff Hoffman
hoffj003,2025-08-30,776527,21,21,95.68571428571428,7.0,TOR202508300,TOR,3,value,2,0,6,3,1,0,2,3,3,1,0,0,0,0,0,0,0,0,0,0,,1.0,,,,,20250830,0,TOR02,h,MIL,0,1,0,regular,y,y,21.0,9,1,1,0,,70,TOR,2025,1,0,0,True,False,True,2,0.0,14.0,57.0,14.0,0,1,-1,-0.16666666666666666,58,6,57,231,0.2175226586102719,False,2 days,0,0,1,0,0,1.4,5.7,8,0.0,37,95.87733333333333,-0.19161904761904225,2025-08-30,Jeff Hoffman
hoffj003,2025-08-31,776515,18,18,96.16666666666667,6.0,TOR202508310,TOR,6,value,3,0,5,2,1,0,0,0,0,0,0,1,0,0,0,0,0,0,0,0,,,,,1.0,,20250831,0,TOR02,h,MIL,1,0,0,regular,y,y,18.0,9,4,8,0,,68,TOR,2025,1,4,4,True,False,True,0,21.0,21.0,60.0,21.0,1,0,1,0.2,59,5,56,237,0.21068249258160238,False,0 days,1,0,0,1,0,2.1,6.0,8,0.0,38,95.76114285714286,0.40552380952381384,2025-08-31,Jeff Hoffman
hoffj003,2025-09-02,776491,18,18,95.61666666666667,6.0,CIN202509020,TOR,6,value,3,0,4,1,0,0,0,0,0,0,0,1,0,0,0,0,0,0,0,0,,,1.0,,1.0,,20250902,0,CIN09,v,CIN,1,0,0,regular,y,y,18.0,9,12,9,0,,78,CIN,2025,0,3,3,True,False,True,1,0.0,39.0,78.0,18.0,0,0,1,0.25,60,4,57,242,0.21052631578947367,False,1 day,0,1,0,0,0,3.9,7.8,9,0.0,39,95.66647619047619,-0.049809523809514644,2025-09-02,Jeff Hoffman
hoffj003,2025-09-07,776423,21,21,95.88333333333333,6.0,NYA202509070,TOR,4,value,3,0,4,0,0,0,0,0,0,1,0,0,0,0,0,0,0,0,0,0,,,,,1.0,,20250907,0,NYC21,v,NYA,0,1,0,regular,y,y,21.0,8,3,4,0,,64,NYA,2025,0,-1,1,True,False,True,3,0.0,0.0,49.0,13.0,0,1,-1,-0.25,62,4,59,249,0.21203438395415472,False,3+ days,0,0,0,0,0,0.0,4.9,9,0.0,40,95.60314285714286,0.28019047619046944,2025-09-07,Jeff Hoffman
hoffj003,2025-09-10,776385,17,17,94.81428571428572,7.0,TOR202509100,TOR,5,value,3,0,4,1,0,0,1,1,1,0,0,1,0,0,0,0,0,0,0,0,,1.0,,,1.0,,20250910,0,TOR02,h,HOU,0,1,0,regular,y,y,17.0,9,2,2,0,,69,TOR,2025,1,0,0,True,False,True,0,10.0,31.0,44.0,10.0,1,0,1,0.25,64,4,58,256,0.2050561797752809,False,0 days,1,0,0,0,0,3.1,4.4,9,0.0,41,95.72647619047618,-0.9121904761904602,2025-09-10,Jeff Hoffman
hoffj003,2025-09-15,776316,18,18,94.47142857142856,7.0,TBA202509150,TOR,5,value,3,0,4,0,0,0,0,0,0,1,0,2,0,0,0,0,0,1,0,0,,,,,,,20250915,0,TAM02,v,TBA,1,0,0,regular,y,y,18.0,9,1,1,0,,85,TBA,2025,0,0,0,True,False,True,4,0.0,0.0,27.0,17.0,0,1,1,0.25,65,4,59,260,0.20555555555555555,False,3+ days,0,0,0,0,0,0.0,2.7,9,0.0,42,95.63333333333334,-1.161904761904779,2025-09-15,Jeff Hoffman
hoffj003,2025-09-16,776305,19,19,94.41111111111111,9.0,TBA202509160,TOR,7,value,2,0,4,1,0,0,0,0,0,1,0,2,0,0,0,0,0,0,0,0,,,1.0,,1.0,,20250916,0,TAM02,v,TBA,1,0,0,regular,y,y,19.0,9,6,4,1,,82,TBA,2025,0,2,2,True,False,True,0,18.0,18.0,45.0,18.0,1,1,1,0.25,66,4,60,264,0.20604395604395603,False,0 days,1,0,0,0,0,1.8,4.5,9,0.0,43,95.39047619047619,-0.9793650793650812,2025-09-16,Jeff Hoffman
hoffj003,2025-09-25,776186,23,23,95.4,8.0,TOR202509250,TOR,7,value,3,0,6,1,0,0,0,0,0,1,0,1,1,0,0,0,0,0,0,0,,,,,1.0,,20250925,0,TOR02,h,BOS,1,0,0,regular,y,y,23.0,9,1,6,0,,68,TOR,2025,1,5,5,True,False,True,3,0.0,0.0,30.0,11.0,0,1,0,0.0,69,6,60,276,0.19946808510638298,False,3+ days,0,0,0,0,0,0.0,3.0,9,0.0,44,95.03936507936507,0.3606349206349364,2025-09-25,Jeff Hoffman
hoffj003,2025-09-26,776177,25,25,94.76153846153846,13.0,TOR202509260,TOR,5,value,3,0,5,0,0,0,0,0,0,2,0,0,0,0,0,0,0,1,0,0,,,1.0,,1.0,,20250926,0,TOR02,h,TBA,1,0,0,regular,y,y,25.0,9,2,4,0,,70,TOR,2025,1,2,2,True,False,True,0,23.0,23.0,53.0,23.0,1,2,-2,-0.4,70,5,60,282,0.19633507853403143,False,0 days,1,0,0,1,0,2.3,5.3,9,0.0,45,94.99603174603175,-0.23449328449328277,2025-09-26,Jeff Hoffman
lauee001,2025-06-06,777615,44,44,92.78333333333335,24.0,MIN202506060,TOR,2,value,7,0,9,1,0,0,0,0,0,1,0,2,0,0,0,0,0,0,0,0,1.0,,,,,,20250606,0,MIN04,v,MIN,1,0,0,regular,y,y,44.0,3,0,3,0,,71,MIN,2025,0,-3,3,True,False,True,2,0.0,43.0,43.0,43.0,0,1,1,0.1111111111111111,5,9,9,57,0.15286624203821655,False,2 days,0,0,1,0,0,4.3,4.3,6,0.0,4,91.90177231872785,0.8815610146054951,2025-06-06,Eric Lauer
lauee001,2025-09-02,776491,50,50,91.2,22.0,CIN202509020,TOR,3,value,7,0,12,5,1,0,0,2,2,0,0,2,0,0,0,0,0,0,0,0,,,,,,,20250902,0,CIN09,v,CIN,1,0,0,regular,y,y,50.0,4,10,6,0,,78,CIN,2025,0,4,4,True,False,True,5,0.0,0.0,98.0,98.0,0,0,2,0.16666666666666666,6,12,10,66,0.15060240963855423,False,3+ days,0,0,0,0,0,0.0,9.8,9,0.0,5,92.07808452164895,-0.8780845216489439,2025-09-02,Eric Lauer
lauee001,2025-09-13,776343,22,22,92.7909090909091,11.0,TOR202509130,TOR,3,value,5,0,6,0,0,0,0,1,1,1,0,2,0,0,0,0,0,0,0,0,,,,,,,20250913,0,TOR02,h,BAL,1,0,0,regular,y,y,22.0,7,2,1,0,,67,TOR,2025,1,-1,1,True,False,True,10,0.0,0.0,0.0,50.0,0,1,1,0.16666666666666666,7,6,12,78,0.15168539325842698,False,3+ days,0,0,0,0,0,0.0,0.0,9,0.0,6,92.0911879699248,0.6997211209842931,2025-09-13,Eric Lauer
lauee001,2025-09-16,776305,22,22,92.07857142857142,14.0,TBA202509160,TOR,3,value,4,0,6,2,1,0,0,0,0,0,0,2,0,0,0,0,0,0,0,0,1.0,,,,,,20250916,0,TAM02,v,TBA,1,0,0,regular,y,y,22.0,5,6,3,2,,82,TBA,2025,0,3,3,True,False,True,2,0.0,22.0,22.0,22.0,0,0,2,0.3333333333333333,8,6,13,84,0.15217391304347827,False,2 days,0,0,1,0,0,2.2,2.2,9,0.0,7,92.15032216905902,-0.07175074048760166,2025-09-16,Eric Lauer
lauee001,2025-09-18,776269,30,30,91.88571428571429,14.0,TBA202509180,TOR,2,value,4,0,7,3,0,0,1,1,1,0,0,2,0,0,0,0,0,0,0,0,,,,,,,20250918,0,TAM02,v,TBA,0,1,0,regular,y,y,30.0,5,0,3,1,,87,TBA,2025,0,-3,3,True,False,True,1,0.0,22.0,44.0,22.0,0,0,2,0.2857142857142857,9,7,15,90,0.15789473684210525,False,1 day,0,1,0,0,0,2.2,4.4,9,0.0,8,92.0600364547733,-0.17432216905901043,2025-09-18,Eric Lauer
lauee001,2025-09-25,776186,45,44,93.05217391304348,23.0,TOR202509250,TOR,2,value,10,0,10,0,0,0,0,0,0,0,0,2,0,0,0,0,0,0,0,0,,,,,,,20250925,0,TOR02,h,BOS,1,0,0,regular,y,y,44.0,3,0,0,0,,68,TOR,2025,1,0,0,True,False,True,3,0.0,0.0,37.0,7.0,0,0,2,0.2,11,10,17,100,0.16,False,3+ days,0,0,0,0,0,0.0,3.7,9,1.0,9,92.14770562770563,0.9044682853378418,2025-09-25,Eric Lauer
lauee001,2025-09-28,776145,10,10,92.08333333333333,6.0,TOR202509280,TOR,6,value,3,0,3,0,0,0,0,0,0,0,0,1,0,0,0,0,0,0,0,0,,,,,1.0,,20250928,0,TOR02,h,TBA,1,0,0,regular,y,y,10.0,9,4,13,0,,74,TOR,2025,1,9,9,True,False,True,2,0.0,44.0,51.0,44.0,0,0,1,0.3333333333333333,12,3,19,110,0.1619047619047619,False,2 days,0,0,1,0,0,4.4,5.1,9,0.0,10,92.20147374364765,-0.1181404103143251,2025-09-28,Eric Lauer
pearn001,2024-04-14,744952,16,16,99.64285714285714,7.0,TOR202404140,TOR,3,value,3,0,3,0,0,0,0,0,0,0,0,3,0,0,0,0,0,0,0,0,,,,,1.0,,20240414,0,TOR02,h,COL,1,0,0,regular,y,y,16.0,9,0,5,0,,68,TOR,2024,1,5,5,True,False,True,3,0.0,0.0,16.0,16.0,0,0,3,1.0,5,3,3,23,0.14634146341463414,False,3+ days,0,0,0,0,0,0.0,1.6,4,0.0,5,96.75702857142856,2.8858285714285756,2024-04-14,Nate Pearson
pearn001,2024-04-21,745434,32,32,96.84615384615384,13.0,SDN202404210,TOR,3,value,4,0,8,0,0,0,0,2,2,3,0,1,1,0,0,0,1,2,0,0,,,,,1.0,,20240421,0,SAN02,v,SDN,0,1,0,regular,y,y,32.0,7,3,4,1,,66,SDN,2024,0,-1,1,True,False,True,6,0.0,0.0,16.0,16.0,0,3,-2,-0.25,6,8,6,26,0.16666666666666666,False,3+ days,0,0,0,0,0,0.0,1.6,4,0.0,6,97.15417142857143,-0.30801758241759103,2024-04-21,Nate Pearson
pearn001,2024-04-26,744949,11,11,97.62857142857142,7.0,TOR202404260,TOR,4,value,2,0,3,1,0,0,0,0,0,0,0,0,0,0,0,0,1,0,0,0,,,,,,,20240426,0,TOR02,h,LAN,0,1,0,regular,y,y,11.0,6,10,1,2,,68,TOR,2024,1,-9,9,True,False,True,2,0.0,12.0,44.0,12.0,0,0,0,0.0,8,3,5,36,0.14705882352941177,False,2 days,0,0,1,0,0,1.2,4.4,4,0.0,7,97.3474021978022,0.2811692307692226,2024-04-26,Nate Pearson
pearn001,2024-04-29,744945,16,16,98.39,10.0,TOR202404290,TOR,6,value,3,0,5,2,0,0,0,0,0,0,0,1,0,0,0,0,0,0,0,0,,,1.0,,1.0,,20240429,0,TOR02,h,KCA,1,0,0,regular,y,y,16.0,9,5,6,0,,68,TOR,2024,1,1,1,True,False,True,1,0.0,17.0,29.0,6.0,0,0,1,0.2,10,5,5,40,0.14285714285714285,False,1 day,0,1,0,0,0,1.7,2.9,4,0.0,8,97.74111648351648,0.6488835164835223,2024-04-29,Nate Pearson
pearn001,2024-05-01,744939,22,22,97.44545454545455,11.0,TOR202405010,TOR,3,value,3,0,6,3,0,0,1,3,3,0,0,1,0,0,0,0,0,0,0,0,,,,,,,20240501,0,TOR02,h,KCA,0,1,0,regular,y,y,22.0,8,3,1,0,,68,TOR,2024,1,-2,2,True,False,True,1,0.0,16.0,33.0,16.0,0,0,1,0.16666666666666666,11,6,6,45,0.14482758620689656,False,1 day,0,1,0,0,0,1.6,3.3,5,0.0,9,97.80151648351648,-0.3560619380619272,2024-05-01,Nate Pearson
pearn001,2024-05-04,744862,18,18,97.26666666666667,9.0,WAS202405040,TOR,3,value,1,0,4,1,0,0,0,1,1,1,0,0,1,0,0,0,1,0,0,0,,,,,,,20240504,0,WAS11,v,WAS,1,0,0,regular,y,y,18.0,7,4,0,1,,53,WAS,2024,0,4,4,True,False,True,2,0.0,22.0,44.0,22.0,0,1,-1,-0.25,12,4,7,51,0.1456953642384106,False,2 days,0,0,1,0,0,2.2,4.4,5,0.0,10,97.9906073926074,-0.7239407259407358,2024-05-04,Nate Pearson
pearn001,2024-05-05,744861,14,14,97.7,6.0,WAS202405050,TOR,2,value,3,1,4,1,1,0,0,1,1,0,0,0,0,0,0,0,0,0,0,0,,,,,,,20240505,0,WAS11,v,WAS,0,1,0,regular,y,y,14.0,5,8,7,0,,69,WAS,2024,0,1,1,True,False,True,0,18.0,18.0,56.0,18.0,1,0,0,0.0,13,4,6,55,0.13548387096774195,False,0 days,1,0,0,0,0,1.8,5.6,5,0.0,11,97.51536929736929,0.18463070263071302,2024-05-05,Nate Pearson
pearn001,2024-05-12,744941,16,16,98.55714285714285,7.0,TOR202405120,TOR,3,value,3,0,3,0,0,0,0,0,0,0,0,2,0,0,0,0,0,0,0,0,,,,,1.0,,20240512,0,TOR02,h,MIN,0,1,0,regular,y,y,16.0,9,5,1,0,,60,TOR,2024,1,-4,4,True,False,True,1,0.0,8.0,22.0,8.0,0,0,2,0.6666666666666666,15,3,7,62,0.13580246913580246,False,1 day,0,1,0,0,0,0.8,2.2,5,0.0,12,97.68613852813853,0.8710043290043217,2024-05-12,Nate Pearson
pearn001,2024-05-18,744938,21,21,97.53333333333333,9.0,TOR202405180,TOR,3,value,0,4,4,3,0,0,1,2,2,1,0,0,0,0,0,0,0,0,0,0,,1.0,,,,,20240518,0,TOR02,h,TBA,0,1,0,regular,y,y,21.0,8,3,4,0,,61,TOR,2024,1,1,1,True,False,True,0,9.0,9.0,25.0,9.0,1,1,-1,-0.25,17,4,11,68,0.15476190476190477,False,0 days,1,0,0,0,0,0.9,2.5,5,0.0,13,97.87185281385283,-0.3385194805194942,2024-05-18,Nate Pearson
pearn001,2024-05-22,744933,18,18,98.45,6.0,TOR202405220,TOR,3,value,3,0,4,0,0,0,0,0,0,1,0,2,0,0,0,0,0,0,0,0,,,,,1.0,,20240522,0,TOR02,h,CHA,1,0,0,regular,y,y,18.0,9,2,9,0,,69,TOR,2024,1,7,7,True,False,True,3,0.0,0.0,30.0,21.0,0,1,1,0.25,18,4,10,72,0.14534883720930233,False,3+ days,0,0,0,0,0,0.0,3.0,5,0.0,14,97.70051948051949,0.7494805194805139,2024-05-22,Nate Pearson
pearn001,2024-05-24,746475,26,26,96.9875,8.0,DET202405240,TOR,2,value,4,0,6,1,0,0,0,0,0,1,0,2,0,0,0,0,0,0,0,0,,,,,,,20240524,0,DET05,v,DET,0,1,0,regular,y,y,26.0,5,0,6,0,,80,DET,2024,0,-6,6,True,False,True,1,0.0,18.0,48.0,18.0,0,1,1,0.16666666666666666,19,6,11,76,0.14772727272727273,False,1 day,0,1,0,0,0,1.8,4.8,5,0.0,15,97.90142857142857,-0.9139285714285705,2024-05-24,Nate Pearson
pearn001,2024-05-27,746788,32,32,96.54444444444444,9.0,CHA202405270,TOR,2,value,6,0,7,1,0,0,0,0,0,0,0,2,0,0,0,0,0,0,0,0,,,,,,,20240527,0,CHI12,v,CHA,1,0,0,regular,y,y,32.0,6,3,0,0,,66,CHA,2024,0,3,3,True,False,True,2,0.0,26.0,44.0,26.0,0,0,2,0.2857142857142857,20,7,12,82,0.14835164835164835,False,2 days,0,0,1,0,0,2.6,4.4,5,0.0,16,97.84559523809523,-1.3011507936507911,2024-05-27,Nate Pearson
pearn001,2024-06-02,744929,16,16,98.0875,8.0,TOR202406020,TOR,4,value,3,0,4,1,0,0,0,0,0,0,0,1,0,0,0,0,0,0,0,0,,,,,,,20240602,0,TOR02,h,PIT,1,0,0,regular,y,y,16.0,8,3,5,0,,68,TOR,2024,1,2,2,True,False,True,1,0.0,16.0,48.0,16.0,0,0,1,0.25,22,4,15,95,0.15384615384615385,False,1 day,0,1,0,0,0,1.6,4.8,6,0.0,17,97.61448412698412,0.473015873015882,2024-06-02,Nate Pearson
pearn001,2024-06-04,744931,24,24,97.16875,16.0,TOR202406040,TOR,5,value,3,0,6,2,0,0,1,2,2,1,0,2,0,0,0,0,0,0,0,0,,,,,,,20240604,0,TOR02,h,BAL,0,1,0,regular,y,y,24.0,8,8,1,0,,69,TOR,2024,1,-7,7,True,False,True,1,0.0,16.0,32.0,16.0,0,1,1,0.16666666666666666,23,6,16,99,0.15577889447236182,False,1 day,0,1,0,0,0,1.6,3.2,6,0.0,18,97.52055555555556,-0.3518055555555577,2024-06-04,Nate Pearson
pearn001,2024-06-06,744923,13,13,98.275,8.0,TOR202406060,TOR,2,value,3,0,3,0,0,0,0,0,0,0,0,1,0,0,0,0,0,0,0,0,,,,,,,20240606,0,TOR02,h,BAL,1,0,0,regular,y,y,13.0,7,1,6,0,,73,TOR,2024,1,5,5,True,False,True,1,0.0,24.0,56.0,24.0,0,0,1,0.3333333333333333,24,3,17,105,0.15609756097560976,False,1 day,0,1,0,0,0,2.4,5.6,6,0.0,19,97.44763888888889,0.8273611111111165,2024-06-06,Nate Pearson
pearn001,2024-06-11,745981,16,16,98.24,10.0,MIL202406110,TOR,2,value,3,0,4,1,0,0,0,0,0,0,0,3,0,0,0,0,0,1,0,0,,,,,,,20240611,0,MIL06,v,MIL,1,0,0,regular,y,y,16.0,6,2,0,0,,72,MIL,2024,0,2,2,True,False,True,1,0.0,11.0,48.0,11.0,0,0,3,0.75,26,4,19,113,0.1596244131455399,False,1 day,0,1,0,0,0,1.1,4.8,6,0.0,20,97.41263888888889,0.8273611111111023,2024-06-11,Nate Pearson
pearn001,2024-06-15,744925,17,17,98.71111111111111,9.0,TOR202406150,TOR,6,value,3,0,4,0,0,0,0,0,0,1,0,1,0,0,0,0,0,0,0,0,,,,,1.0,,20240615,0,TOR02,h,CLE,1,0,0,regular,y,y,17.0,9,0,5,0,,66,TOR,2024,1,5,5,True,False,True,3,0.0,0.0,27.0,16.0,0,1,0,0.0,27,4,22,117,0.17050691244239632,False,3+ days,0,0,0,0,0,0.0,2.7,6,0.0,21,97.66313888888888,1.0479722222222279,2024-06-15,Nate Pearson
pearn001,2024-06-18,744917,16,16,97.63333333333333,6.0,TOR202406180,TOR,2,value,2,0,4,2,1,0,0,0,0,0,0,1,0,0,0,0,0,0,0,0,,,,,,,20240618,0,TOR02,h,BOS,0,1,0,regular,y,y,16.0,7,2,3,0,,72,TOR,2024,1,1,1,True,False,True,1,0.0,21.0,37.0,4.0,0,0,1,0.25,29,4,22,122,0.16666666666666666,False,1 day,0,1,0,0,0,2.1,3.7,6,0.0,22,98.09647222222222,-0.4631388888888921,2024-06-18,Nate Pearson
pearn001,2024-06-24,746941,10,10,98.06,5.0,BOS202406240,TOR,2,value,2,0,4,2,1,0,1,2,2,0,0,1,0,0,0,0,0,0,0,0,,,,,,,20240624,0,BOS07,v,BOS,0,1,0,regular,y,y,10.0,8,6,2,0,,77,BOS,2024,0,4,4,True,False,True,1,0.0,10.0,26.0,10.0,0,0,1,0.25,31,4,25,129,0.17467248908296942,False,1 day,0,1,0,0,0,1.0,2.6,6,0.0,23,98.00563888888888,0.05436111111112041,2024-06-24,Nate Pearson
pearn001,2024-06-28,744922,17,17,97.55,8.0,TOR202406280,TOR,2,value,3,0,6,3,1,0,1,3,3,1,0,0,0,0,0,0,0,0,0,0,,,,,,,20240628,0,TOR02,h,NYA,0,1,0,regular,y,y,17.0,6,4,3,0,,68,TOR,2024,1,-1,1,True,False,True,3,0.0,0.0,20.0,10.0,0,1,-1,-0.16666666666666666,32,6,26,133,0.1759656652360515,False,3+ days,0,0,0,0,0,0.0,2.0,6,0.0,24,98.18388888888889,-0.6338888888888903,2024-06-28,Nate Pearson
pearn001,2024-07-02,744913,32,32,97.9,10.0,TOR202407020,TOR,2,value,6,0,7,1,0,0,0,0,0,0,0,3,0,0,0,0,0,0,0,0,,,,,,,20240702,0,TOR02,h,HOU,1,0,0,regular,y,y,32.0,6,5,7,0,,68,TOR,2024,1,2,2,True,False,True,1,0.0,19.0,36.0,19.0,0,0,3,0.42857142857142855,34,7,28,144,0.1762295081967213,False,1 day,0,1,0,0,0,1.9,3.6,7,0.0,25,98.03888888888888,-0.13888888888887152,2024-07-02,Nate Pearson
pearn001,2024-07-09,745316,19,19,98.43333333333334,9.0,SFN202407090,TOR,2,value,2,0,4,1,1,0,0,0,0,1,0,1,0,0,0,0,0,0,0,0,,,,,,,20240709,0,SFO03,v,SFN,0,1,0,regular,y,y,19.0,8,3,2,0,,64,SFN,2024,0,1,1,True,False,True,1,0.0,12.0,54.0,12.0,0,1,0,0.0,37,4,33,158,0.18604651162790697,False,1 day,0,1,0,0,0,1.2,5.4,7,0.0,26,97.97088888888888,0.46244444444445776,2024-07-09,Nate Pearson
pearn001,2024-07-13,747177,29,29,97.21428571428571,14.0,ARI202407130,TOR,4,value,3,0,7,3,0,0,2,4,4,1,0,3,0,0,0,0,0,0,0,0,,,,,1.0,,20240713,0,PHO01,v,ARI,0,1,0,regular,y,y,29.0,8,1,8,0,,78,ARI,2024,0,-7,7,True,False,True,3,0.0,0.0,31.0,19.0,0,1,2,0.2857142857142857,38,7,33,162,0.183206106870229,False,3+ days,0,0,0,0,0,0.0,3.1,7,0.0,27,97.91533333333334,-0.7010476190476282,2024-07-13,Nate Pearson
pearn001,2024-07-23,744904,20,20,96.88666666666667,15.0,TOR202407230,TOR,4,value,3,0,4,1,0,0,0,1,1,1,0,0,0,0,0,0,0,1,0,0,,,,,,,20240723,0,TOR02,h,TBA,0,1,0,regular,y,y,20.0,7,3,2,0,,78,TOR,2024,1,-1,1,True,False,True,9,0.0,0.0,0.0,29.0,0,1,-1,-0.25,39,4,35,169,0.18587360594795538,False,3+ days,0,0,0,0,0,0.0,0.0,7,0.0,28,97.83152380952382,-0.9448571428571455,2024-07-23,Nate Pearson
pearn001,2024-07-25,744907,35,35,97.39473684210526,19.0,TOR202407250,TOR,4,value,5,0,9,3,0,0,0,1,1,1,0,1,0,0,0,0,1,0,0,0,,,,,,,20240725,0,TOR02,h,TBA,0,1,0,regular,y,y,35.0,7,8,0,3,,76,TOR,2024,1,-8,8,True,False,True,1,0.0,20.0,20.0,20.0,0,1,0,0.0,40,9,34,173,0.1794871794871795,False,1 day,0,1,0,0,0,2.0,2.0,7,0.0,29,97.59685714285715,-0.20212030075188636,2024-07-25,Nate Pearson
richt001,2024-04-09,744957,28,28,92.07000000000001,10.0,TOR202404090,TOR,2,value,3,0,5,1,0,0,1,2,2,1,0,1,0,0,0,0,0,0,0,0,,,,,,,20240409,0,TOR02,h,SEA,1,0,0,regular,y,y,28.0,7,1,5,1,,68,TOR,2024,1,4,4,True,False,True,1,0.0,27.0,59.0,27.0,0,1,0,0.0,6,5,5,22,0.16393442622950818,False,1 day,0,1,0,0,0,2.7,5.9,4,0.0,3,91.94259259259259,0.12740740740741785,2024-04-09,Trevor Richards
richt001,2024-04-16,744944,26,26,92.22999999999999,10.0,TOR202404160,TOR,2,value,3,0,5,1,1,0,0,2,2,1,0,1,0,0,0,0,1,0,0,0,,,,,,,20240416,0,TOR02,h,NYA,1,0,0,regular,y,y,26.0,7,1,5,0,,68,TOR,2024,1,4,4,True,False,True,6,0.0,0.0,28.0,28.0,0,1,0,0.0,7,5,5,27,0.15748031496062992,False,3+ days,0,0,0,0,0,0.0,2.8,4,0.0,4,91.97444444444444,0.25555555555554577,2024-04-16,Trevor Richards
richt001,2024-04-17,744948,14,14,91.66,5.0,TOR202404170,TOR,2,value,3,0,3,0,0,0,0,0,0,0,0,1,0,0,0,0,0,0,0,0,,,,,,,20240417,0,TOR02,h,NYA,0,1,0,regular,y,y,14.0,6,1,2,0,,68,TOR,2024,1,1,1,True,False,True,0,26.0,26.0,26.0,26.0,1,0,1,0.3333333333333333,8,3,5,32,0.15151515151515152,False,0 days,1,0,0,1,0,2.6,2.6,4,0.0,5,92.02555555555556,-0.3655555555555594,2024-04-17,Trevor Richards
richt001,2024-04-21,745434,33,33,91.65555555555555,9.0,SDN202404210,TOR,2,value,4,0,8,0,0,0,0,0,0,3,0,1,0,0,0,0,0,0,0,0,,,,,,,20240421,0,SAN02,v,SDN,0,1,0,regular,y,y,33.0,6,2,2,2,,66,SDN,2024,0,0,0,True,False,True,3,0.0,0.0,40.0,14.0,0,3,-2,-0.25,9,8,6,35,0.15555555555555556,False,3+ days,0,0,0,0,0,0.0,4.0,4,0.0,6,91.98866666666666,-0.33311111111110847,2024-04-21,Trevor Richards
richt001,2024-04-24,746317,30,30,91.41666666666667,12.0,KCA202404240,TOR,4,value,3,0,4,1,0,0,0,0,0,0,0,0,0,0,0,0,0,0,0,0,,,,,1.0,,20240424,0,KAN06,v,KCA,0,1,0,regular,y,y,30.0,8,2,3,0,,74,KCA,2024,0,-1,1,True,False,True,2,0.0,33.0,47.0,33.0,0,0,0,0.0,10,4,4,43,0.13286713286713286,False,2 days,0,0,1,0,0,3.3,4.7,4,0.0,7,91.93977777777778,-0.5231111111111062,2024-04-24,Trevor Richards
richt001,2024-04-26,744949,25,25,91.9,8.0,TOR202404260,TOR,2,value,4,0,6,2,0,0,1,1,1,0,0,2,0,0,0,0,0,0,0,0,,,,,,,20240426,0,TOR02,h,LAN,0,1,0,regular,y,y,25.0,3,7,0,2,,68,TOR,2024,1,-7,7,True,False,True,1,0.0,30.0,63.0,30.0,0,0,2,0.3333333333333333,11,6,4,47,0.1292517006802721,False,1 day,0,1,0,0,0,3.0,6.3,4,0.0,8,91.80644444444445,0.09355555555555384,2024-04-26,Trevor Richards
richt001,2024-04-29,744945,14,14,91.85,8.0,TOR202404290,TOR,3,value,3,0,4,1,0,0,1,1,1,0,0,1,0,0,0,0,0,0,0,0,,,,,,,20240429,0,TOR02,h,KCA,1,0,0,regular,y,y,14.0,6,3,5,0,,68,TOR,2024,1,2,2,True,False,True,2,0.0,25.0,55.0,25.0,0,0,1,0.25,12,4,6,53,0.13725490196078433,False,2 days,0,0,1,0,0,2.5,5.5,4,0.0,9,91.77244444444445,0.0775555555555485,2024-04-29,Trevor Richards
richt001,2024-05-07,745586,18,18,92.01428571428572,7.0,PHI202405070,TOR,2,value,4,0,4,0,0,0,0,0,0,0,0,1,0,0,0,0,0,0,0,0,,,,,,,20240507,0,PHI13,v,PHI,0,1,0,regular,y,y,18.0,4,0,8,0,,78,PHI,2024,0,-8,8,True,False,True,2,0.0,12.0,27.0,12.0,0,0,1,0.25,16,4,9,65,0.14545454545454545,False,2 days,0,0,1,0,0,1.2,2.7,5,0.0,10,91.69644444444444,0.31784126984128136,2024-05-07,Trevor Richards
richt001,2024-05-11,744943,18,18,91.9,5.0,TOR202405110,TOR,3,value,6,0,6,0,0,0,0,0,0,0,0,2,0,0,0,0,0,0,0,0,,,,,,,20240511,0,TOR02,h,MIN,1,0,0,regular,y,y,18.0,5,8,3,0,,68,TOR,2024,1,-5,5,True,False,True,3,0.0,0.0,30.0,18.0,0,0,2,0.3333333333333333,17,6,10,69,0.14792899408284024,False,3+ days,0,0,0,0,0,0.0,3.0,5,0.0,11,91.76730158730159,0.1326984126984172,2024-05-11,Trevor Richards
richt001,2024-05-18,744938,16,16,91.53999999999999,5.0,TOR202405180,TOR,4,value,3,0,4,0,0,0,0,0,0,1,0,2,0,0,0,0,0,0,0,0,,,,,,,20240518,0,TOR02,h,TBA,0,1,0,regular,y,y,16.0,8,5,4,2,,61,TOR,2024,1,-1,1,True,False,True,6,0.0,0.0,18.0,18.0,0,1,1,0.25,18,4,12,75,0.15428571428571428,False,3+ days,0,0,0,0,0,0.0,1.8,5,0.0,12,91.81619047619049,-0.276190476190493,2024-05-18,Trevor Richards
richt001,2024-05-19,744937,12,12,90.56,5.0,TOR202405190,TOR,2,value,3,0,3,0,0,0,0,0,0,0,0,1,0,0,0,0,0,0,0,0,,,,,,,20240519,0,TOR02,h,TBA,1,0,0,regular,y,y,12.0,8,0,5,0,,60,TOR,2024,1,5,5,True,False,True,0,16.0,16.0,16.0,16.0,1,0,1,0.3333333333333333,19,3,13,79,0.1564245810055866,False,0 days,1,0,0,0,0,1.6,1.6,5,0.0,13,91.84085714285713,-1.2808571428571298,2024-05-19,Trevor Richards
richt001,2024-05-26,746469,37,37,91.0,16.0,DET202405260,TOR,2,value,4,0,8,2,1,0,1,3,3,3,0,1,0,0,0,0,0,0,1,0,,,,,,,20240526,0,DET05,v,DET,0,1,0,regular,y,y,37.0,4,2,5,0,,74,DET,2024,0,-3,3,True,False,True,2,0.0,12.0,36.0,12.0,0,3,-2,-0.25,22,8,16,88,0.16489361702127658,False,2 days,0,0,1,0,0,1.2,3.6,5,0.0,14,91.57285714285715,-0.5728571428571456,2024-05-26,Trevor Richards
richt001,2024-05-29,746790,37,37,90.56,20.0,CHA202405290,TOR,2,value,10,0,12,1,0,0,0,0,0,1,0,0,0,0,0,0,0,0,0,0,1.0,,,,,,20240529,0,CHI12,v,CHA,1,0,0,regular,y,y,38.0,2,0,0,1,,60,CHA,2024,0,0,0,True,False,True,2,0.0,37.0,49.0,37.0,0,1,-1,-0.08333333333333333,23,12,14,96,0.14795918367346939,False,2 days,0,0,1,0,0,3.7,4.9,5,-1.0,15,91.40285714285714,-0.8428571428571416,2024-05-29,Trevor Richards
richt001,2024-06-09,745651,13,13,93.5,5.0,OAK202406090,TOR,4,value,2,0,5,2,0,0,0,2,2,1,0,0,0,0,0,1,0,0,0,0,,,,,,,20240609,0,OAK01,v,OAK,1,0,0,regular,y,y,13.0,7,2,1,0,,67,OAK,2024,0,1,1,True,False,True,4,0.0,0.0,51.0,40.0,0,1,-1,-0.2,25,5,13,111,0.13270142180094788,False,3+ days,0,0,0,0,0,0.0,5.1,6,0.0,16,91.112,2.3880000000000052,2024-06-09,Trevor Richards
richt001,2024-06-11,745981,15,15,92.9,8.0,MIL202406110,TOR,4,value,2,0,4,1,1,0,0,0,0,1,0,0,0,0,0,0,0,0,0,0,,,,,,,20240611,0,MIL06,v,MIL,1,0,0,regular,y,y,15.0,8,2,0,0,,72,MIL,2024,0,2,2,True,False,True,1,0.0,13.0,53.0,13.0,0,1,-1,-0.25,26,4,12,116,0.125,False,1 day,0,1,0,0,0,1.3,5.3,6,0.0,17,91.43199999999999,1.4680000000000177,2024-06-11,Trevor Richards
richt001,2024-06-12,745978,16,16,91.725,8.0,MIL202406120,TOR,4,value,3,0,3,0,0,0,0,0,0,0,0,3,0,0,0,0,0,0,0,0,,,,,,,20240612,0,MIL06,v,MIL,0,1,0,regular,y,y,16.0,7,1,5,0,,87,MIL,2024,0,-4,4,True,False,True,0,15.0,28.0,28.0,15.0,1,0,3,1.0,27,3,11,120,0.11818181818181818,False,0 days,1,0,0,0,0,2.8,2.8,6,0.0,18,91.70400000000001,0.020999999999986585,2024-06-12,Trevor Richards
richt001,2024-06-17,744918,33,33,92.11818181818181,11.0,TOR202406170,TOR,2,value,6,0,7,0,0,0,0,0,0,1,0,1,0,0,0,0,0,0,0,0,,,,,,,20240617,0,TOR02,h,BOS,0,1,0,regular,y,y,33.0,5,5,1,0,,75,TOR,2024,1,-4,4,True,False,True,1,0.0,31.0,62.0,31.0,0,1,0,0.0,28,7,14,123,0.13004484304932734,False,1 day,0,1,0,0,0,3.1,6.2,6,0.0,19,91.93700000000001,0.18118181818179835,2024-06-17,Trevor Richards
richt001,2024-06-23,746621,23,23,91.61428571428571,7.0,CLE202406230,TOR,4,value,6,0,7,0,0,0,0,0,0,0,0,1,0,0,0,0,0,0,0,0,,,,,,,20240623,0,CLE08,v,CLE,0,1,0,regular,y,y,23.0,5,5,6,0,,78,CLE,2024,0,-1,1,True,False,True,1,0.0,15.0,48.0,15.0,0,0,1,0.14285714285714285,30,7,16,134,0.13247863247863248,False,1 day,0,1,0,0,0,1.5,4.8,6,0.0,20,92.16063636363637,-0.5463506493506571,2024-06-23,Trevor Richards
richt001,2024-06-25,746943,21,21,92.175,12.0,BOS202406250,TOR,3,value,3,0,3,0,0,0,0,0,0,0,0,2,0,0,0,0,0,0,0,0,,,,,,,20240625,0,BOS07,v,BOS,1,0,0,regular,y,y,21.0,8,9,4,0,,85,BOS,2024,0,5,5,True,False,True,1,0.0,23.0,38.0,23.0,0,0,2,0.6666666666666666,31,3,17,141,0.13278008298755187,False,1 day,0,1,0,0,0,2.3,3.8,6,0.0,21,92.37149350649352,-0.1964935064935247,2024-06-25,Trevor Richards
richt001,2024-06-28,744922,22,22,92.96000000000001,10.0,TOR202406280,TOR,4,value,3,0,6,3,2,0,0,2,0,0,0,0,0,1,0,0,0,0,0,0,,,,,,,20240628,0,TOR02,h,NYA,0,1,0,regular,y,y,22.0,8,7,5,0,,68,TOR,2024,1,-2,2,True,False,True,2,0.0,21.0,59.0,21.0,0,0,0,0.0,32,6,19,144,0.13934426229508196,False,2 days,0,0,1,0,0,2.1,5.9,6,0.0,22,92.1064935064935,0.8535064935065009,2024-06-28,Trevor Richards
richt001,2024-07-01,744914,11,11,93.25,8.0,TOR202407010,TOR,2,value,4,0,4,0,0,0,0,0,0,0,0,1,0,0,0,0,0,0,0,0,,,,,,,20240701,0,TOR02,h,HOU,0,1,0,regular,y,y,11.0,7,1,0,1,,69,TOR,2024,1,-1,1,True,False,True,2,0.0,22.0,43.0,22.0,0,0,1,0.25,33,4,19,150,0.136,False,2 days,0,0,1,0,0,2.2,4.3,7,0.0,23,92.11849350649351,1.1315064935064925,2024-07-01,Trevor Richards
richt001,2024-07-02,744913,14,14,93.25,8.0,TOR202407020,TOR,3,value,3,0,4,1,0,0,0,1,0,0,0,0,0,0,0,0,0,0,0,0,,,,,,,20240702,0,TOR02,h,HOU,1,0,0,regular,y,y,14.0,8,5,7,0,,68,TOR,2024,1,2,2,True,False,True,0,11.0,11.0,54.0,11.0,1,0,0,0.0,34,4,20,154,0.1377952755905512,False,0 days,1,0,0,0,0,1.1,5.4,7,0.0,24,92.42349350649351,0.8265064935064856,2024-07-02,Trevor Richards
richt001,2024-07-04,744912,21,21,93.33076923076922,13.0,TOR202407040,TOR,3,value,5,0,6,1,0,0,1,1,1,0,0,4,0,0,0,0,0,0,0,0,,,,,,,20240704,0,TOR02,h,HOU,0,1,0,regular,y,y,21.0,7,4,3,0,,79,TOR,2024,1,-1,1,True,False,True,1,0.0,25.0,47.0,14.0,0,0,4,0.6666666666666666,35,6,20,158,0.13565891472868216,False,1 day,0,1,0,0,0,2.5,4.7,7,0.0,25,92.64985714285714,0.6809120879120769,2024-07-04,Trevor Richards
richt001,2024-07-06,745235,24,24,92.97692307692309,13.0,SEA202407060,TOR,2,value,3,3,6,3,0,0,1,3,3,0,0,2,0,0,0,0,0,0,0,0,,,,,,,20240706,0,SEA03,v,SEA,1,0,0,regular,y,y,24.0,7,3,0,0,,78,SEA,2024,0,3,3,True,False,True,1,0.0,21.0,46.0,21.0,0,0,2,0.3333333333333333,36,6,24,164,0.14772727272727273,False,1 day,0,1,0,0,0,2.1,4.6,7,0.0,26,92.99315384615383,-0.016230769230745068,2024-07-06,Trevor Richards
richt001,2024-07-09,745316,25,25,93.27142857142857,7.0,SFN202407090,TOR,3,value,2,0,5,2,0,0,0,2,2,1,0,0,0,1,0,0,0,0,0,0,,1.0,,,1.0,,20240709,0,SFO03,v,SFN,0,1,0,regular,y,y,25.0,9,3,2,0,,64,SFN,2024,0,1,1,True,False,True,2,0.0,24.0,59.0,24.0,0,1,-1,-0.2,37,5,26,170,0.15185185185185185,False,2 days,0,0,1,0,0,2.4,5.9,7,0.0,27,93.15353846153846,0.11789010989011217,2024-07-09,Trevor Richards
richt001,2024-07-12,747175,25,25,93.08571428571429,14.0,ARI202407120,TOR,5,value,3,0,6,1,0,0,0,2,2,2,0,1,0,2,0,0,0,0,0,0,,,,,,,20240712,0,PHO01,v,ARI,0,1,0,regular,y,y,25.0,8,4,2,0,,78,ARI,2024,0,2,2,True,False,True,2,0.0,25.0,49.0,25.0,0,2,-1,-0.16666666666666666,38,6,25,175,0.14545454545454545,False,2 days,0,0,1,0,0,2.5,4.9,7,0.0,28,93.21582417582417,-0.13010989010987828,2024-07-12,Trevor Richards
richt001,2024-07-14,747176,17,17,92.9375,8.0,ARI202407140,TOR,3,value,3,0,3,0,0,0,0,0,0,0,0,0,0,0,0,0,0,0,0,0,1.0,,,,,,20240714,0,PHO01,v,ARI,1,0,0,regular,y,y,17.0,6,7,7,0,,77,ARI,2024,0,0,0,True,False,True,1,0.0,25.0,50.0,25.0,0,0,0,0.0,39,3,24,181,0.1387900355871886,False,1 day,0,1,0,0,0,2.5,5.0,7,0.0,29,93.18296703296703,-0.24546703296702788,2024-07-14,Trevor Richards
richt001,2024-07-20,744910,24,24,93.78461538461539,13.0,TOR202407200,TOR,2,value,1,0,6,4,0,0,1,3,3,1,0,0,0,0,0,0,0,0,0,0,,,,,,,20240720,0,TOR02,h,DET,0,1,0,regular,y,y,24.0,6,1,0,3,,75,TOR,2024,1,-1,1,True,False,True,5,0.0,0.0,17.0,17.0,0,1,-1,-0.16666666666666666,40,6,24,184,0.13732394366197184,False,3+ days,0,0,0,0,0,0.0,1.7,7,0.0,30,93.12046703296703,0.6641483516483646,2024-07-20,Trevor Richards
richt001,2024-07-25,744907,32,32,93.21578947368421,19.0,TOR202407250,TOR,2,value,1,0,7,4,0,0,0,4,4,2,0,0,0,0,0,0,0,1,0,0,,,,,,,20240725,0,TOR02,h,TBA,0,1,0,regular,y,y,32.0,6,3,0,0,,76,TOR,2024,1,-3,3,True,False,True,4,0.0,0.0,24.0,24.0,0,2,-2,-0.2857142857142857,41,7,23,190,0.1310344827586207,False,3+ days,0,0,0,0,0,0.0,2.4,7,0.0,31,93.21123626373627,0.00455320994794306,2024-07-25,Trevor Richards
richt001,2024-07-29,747007,30,30,92.53333333333333,18.0,BAL202407291,TOR,4,value,6,0,7,0,0,0,0,0,0,2,0,1,0,0,0,0,0,0,1,0,,,,,,,20240729,1,BAL12,v,BAL,0,1,0,regular,y,y,30.0,6,3,10,0,,90,BAL,2024,0,-7,7,True,False,True,3,0.0,0.0,32.0,32.0,0,2,-1,-0.14285714285714285,42,7,21,197,0.12121212121212122,False,3+ days,0,0,0,0,0,0.0,3.2,7,0.0,32,93.25900954308848,-0.7256762097551501,2024-07-29,Trevor Richards
rodry003,2025-04-14,778322,23,23,96.12727272727274,11.0,TOR202504140,TOR,3,value,6,0,7,0,0,0,0,0,0,0,0,1,1,0,0,0,0,0,0,0,,,,,1.0,,20250414,0,TOR02,h,ATL,0,1,0,regular,y,y,23.0,8,8,1,0,,68,TOR,2025,1,-7,7,True,False,True,1,0.0,10.0,22.0,10.0,0,0,1,0.14285714285714285,6,7,1,27,0.12598425196850394,False,1 day,0,1,0,0,0,1.0,2.2,4,0.0,5,95.93465311004785,0.19261961722489218,2025-04-14,Yariel Rodriguez
rodry003,2025-04-19,778258,30,26,96.62222222222222,9.0,TOR202504190,TOR,5,value,6,0,7,0,0,0,0,0,0,2,1,2,0,0,0,0,0,0,0,0,,,,,,,20250419,0,TOR02,h,SEA,0,1,0,regular,y,y,26.0,10,3,3,1,,68,TOR,2025,1,0,0,True,False,True,4,0.0,0.0,33.0,23.0,0,1,1,0.14285714285714285,7,7,2,34,0.12686567164179105,False,3+ days,0,0,0,0,0,0.0,3.3,4,4.0,6,96.04431818181818,0.5779040404040359,2025-04-19,Yariel Rodriguez
rodry003,2025-04-22,778217,17,17,96.51428571428572,7.0,HOU202504220,TOR,3,value,3,0,5,3,1,0,1,1,1,0,0,1,0,0,0,0,0,0,0,0,,,,,,,20250422,0,HOU03,v,HOU,0,1,0,regular,y,y,17.0,7,1,4,0,,73,HOU,2025,0,-3,3,True,False,True,2,0.0,26.0,26.0,26.0,0,0,1,0.2,8,5,3,41,0.1276595744680851,False,2 days,0,0,1,0,0,2.6,2.6,4,0.0,7,95.99876262626262,0.5155230880231016,2025-04-22,Yariel Rodriguez
rodry003,2025-04-27,778170,16,16,95.84,5.0,NYA202504272,TOR,3,value,4,0,4,0,0,0,0,0,0,0,0,1,0,0,0,0,0,0,0,0,,,,,,,20250427,2,NYC21,v,NYA,0,1,0,regular,y,y,16.0,6,1,4,3,,58,NYA,2025,0,-3,3,True,False,True,4,0.0,0.0,17.0,17.0,0,0,1,0.25,9,4,4,46,0.13013698630136986,False,3+ days,0,0,0,0,0,0.0,1.7,4,0.0,8,96.00525613275613,-0.16525613275612727,2025-04-27,Yariel Rodriguez
rodry003,2025-05-04,778056,25,25,95.97142857142856,7.0,TOR202505040,TOR,4,value,4,1,5,1,0,0,0,1,1,1,0,1,0,0,0,0,0,0,0,0,,,,,,,20250504,0,TOR02,h,CLE,0,1,0,regular,y,y,25.0,7,4,3,2,,68,TOR,2025,1,-1,1,True,False,True,0,6.0,6.0,51.0,6.0,1,1,0,0.0,11,5,6,51,0.1390728476821192,False,0 days,1,0,0,0,0,0.6,5.1,5,0.0,9,96.00075613275615,-0.029327561327590956,2025-05-04,Yariel Rodriguez
rodry003,2025-05-07,778009,17,17,95.8,6.0,ANA202505070,TOR,2,value,4,0,5,1,0,0,0,0,0,0,0,2,0,0,0,0,0,0,0,0,,,,,,,20250507,0,ANA01,v,ANA,0,1,0,regular,y,y,17.0,7,4,2,0,,72,ANA,2025,0,2,2,True,False,True,2,0.0,25.0,60.0,25.0,0,0,2,0.4,12,5,6,56,0.1346153846153846,False,2 days,0,0,1,0,0,2.5,6.0,5,0.0,10,96.21504184704185,-0.41504184704184865,2025-05-07,Yariel Rodriguez
rodry003,2025-05-08,778000,29,29,96.24545454545455,11.0,ANA202505080,TOR,2,value,6,0,7,1,0,0,0,0,0,0,0,5,0,0,0,0,1,0,0,0,,,,,,,20250508,0,ANA01,v,ANA,1,0,0,regular,y,y,29.0,7,7,4,2,,76,ANA,2025,0,3,3,True,False,True,0,17.0,17.0,48.0,17.0,1,0,5,0.7142857142857143,13,7,8,61,0.14285714285714285,False,0 days,1,0,0,0,0,1.7,4.8,5,0.0,11,96.1495873015873,0.09586724386724654,2025-05-08,Yariel Rodriguez
rodry003,2025-05-14,777923,19,19,96.11428571428571,7.0,TOR202505140,TOR,3,value,3,0,3,0,0,0,0,0,0,0,0,1,0,0,0,0,0,0,0,0,,,,,,,20250514,0,TOR02,h,TBA,1,0,0,regular,y,y,19.0,8,1,3,0,,68,TOR,2025,1,2,2,True,False,True,2,0.0,14.0,60.0,14.0,0,0,1,0.3333333333333333,15,3,15,72,0.1744186046511628,False,2 days,0,0,1,0,0,1.4,6.0,5,0.0,12,96.07423376623377,0.040051948051939235,2025-05-14,Yariel Rodriguez
rodry003,2025-05-16,777906,17,17,96.3,6.0,TOR202505160,TOR,5,value,3,0,4,1,0,0,0,0,0,1,0,0,0,0,0,0,0,0,0,0,,,,,1.0,,20250516,0,TOR02,h,DET,0,1,0,regular,y,y,17.0,9,5,4,0,,65,TOR,2025,1,-1,1,True,False,True,1,0.0,19.0,33.0,19.0,0,1,-1,-0.25,16,4,16,75,0.17714285714285713,False,1 day,0,1,0,0,0,1.9,3.3,5,0.0,13,95.99423376623376,0.305766233766235,2025-05-16,Yariel Rodriguez
rodry003,2025-05-17,777886,20,19,95.66,5.0,TOR202505170,TOR,2,value,6,0,6,1,0,0,0,0,0,0,0,0,0,0,0,0,0,0,0,0,,,,,,,20250517,0,TOR02,h,DET,1,0,0,regular,y,y,19.0,4,1,0,0,,68,TOR,2025,1,-1,1,True,False,True,0,17.0,36.0,50.0,17.0,1,0,0,0.0,17,6,15,79,0.16759776536312848,False,0 days,1,0,0,0,0,3.6,5.0,5,1.0,14,96.08623376623376,-0.4262337662337643,2025-05-17,Yariel Rodriguez
rodry003,2025-05-20,777845,16,16,96.83333333333333,6.0,TOR202505200,TOR,3,value,3,0,3,0,0,0,0,0,0,0,0,0,0,0,0,0,0,0,0,0,,,,,,,20250520,0,TOR02,h,SDN,1,0,0,regular,y,y,16.0,8,0,3,0,,68,TOR,2025,1,3,3,True,False,True,2,0.0,19.0,55.0,19.0,0,0,0,0.0,18,3,15,85,0.16216216216216217,False,2 days,0,0,1,0,0,1.9,5.5,5,0.0,15,96.02394805194805,0.8093852813852749,2025-05-20,Yariel Rodriguez
rodry003,2025-05-22,777816,24,24,95.84545454545454,11.0,TOR202505220,TOR,2,value,4,0,4,0,0,0,0,0,0,0,0,3,0,0,0,0,0,0,0,0,,,,,,,20250522,0,TOR02,h,SDN,1,0,0,regular,y,y,24.0,5,2,4,0,,68,TOR,2025,1,2,2,True,False,True,1,0.0,16.0,52.0,16.0,0,0,3,0.75,19,4,15,88,0.1595744680851064,False,1 day,0,1,0,0,0,1.6,5.2,5,0.0,16,96.23061471861472,-0.38516017316017326,2025-05-22,Yariel Rodriguez
rodry003,2025-05-27,777741,26,26,95.42142857142858,14.0,TEX202505270,TOR,2,value,6,0,6,1,0,0,0,0,0,0,0,1,0,0,0,0,0,0,0,0,,,,,,,20250527,0,ARL03,v,TEX,0,1,0,regular,y,y,26.0,6,0,0,1,,74,TEX,2025,0,0,0,True,False,True,4,0.0,0.0,40.0,24.0,0,0,1,0.16666666666666666,20,6,18,92,0.171875,False,3+ days,0,0,0,0,0,0.0,4.0,5,0.0,17,96.15061471861472,-0.7291861471861409,2025-05-27,Yariel Rodriguez
rodry003,2025-05-30,777716,14,14,96.5,9.0,TOR202505300,TOR,3,value,3,0,3,0,0,0,0,0,0,1,0,0,0,0,0,0,0,0,0,0,,,,,,,20250530,0,TOR02,h,ATH,1,0,0,regular,y,y,14.0,7,5,11,0,,64,TOR,2025,1,6,6,True,False,True,2,0.0,26.0,26.0,26.0,0,1,-1,-0.3333333333333333,21,3,19,98,0.1717171717171717,False,2 days,0,0,1,0,0,2.6,2.6,5,0.0,18,96.0120432900433,0.4879567099567055,2025-05-30,Yariel Rodriguez
rodry003,2025-05-31,777701,22,22,96.85714285714286,7.0,TOR202505310,TOR,4,value,4,0,4,0,0,0,0,0,0,0,0,2,0,0,0,0,0,0,0,0,,,,,,,20250531,0,TOR02,h,ATH,1,0,0,regular,y,y,22.0,7,5,8,2,,68,TOR,2025,1,3,3,True,False,True,0,14.0,14.0,40.0,14.0,1,0,2,0.5,22,4,18,101,0.16417910447761194,False,0 days,1,0,0,0,0,1.4,4.0,5,0.0,19,96.05204329004329,0.8050995670995746,2025-05-31,Yariel Rodriguez
rodry003,2025-06-06,777615,24,24,97.38333333333333,12.0,MIN202506060,TOR,4,value,4,0,5,0,0,0,0,0,0,1,0,1,0,0,0,0,0,0,0,0,,,,,,,20250606,0,MIN04,v,MIN,1,0,0,regular,y,y,24.0,6,5,3,0,,71,MIN,2025,0,2,2,True,False,True,5,0.0,0.0,36.0,22.0,0,1,0,0.0,23,5,20,105,0.17073170731707318,False,3+ days,0,0,0,0,0,0.0,3.6,6,0.0,20,96.29147186147186,1.0918614718614634,2025-06-06,Yariel Rodriguez
rodry003,2025-06-09,777581,14,14,96.84285714285714,7.0,SLN202506090,TOR,3,value,4,0,6,2,0,0,1,2,2,0,0,2,0,0,0,0,0,0,0,0,1.0,,,,,,20250609,0,STL10,v,SLN,1,0,0,regular,y,y,14.0,8,3,0,2,,76,SLN,2025,0,3,3,True,False,True,2,0.0,24.0,24.0,24.0,0,0,2,0.3333333333333333,24,6,20,110,0.16666666666666666,False,2 days,0,0,1,0,0,2.4,2.4,6,0.0,21,96.40147186147185,0.4413852813852941,2025-06-09,Yariel Rodriguez
rodry003,2025-06-18,777462,21,21,96.68333333333334,6.0,TOR202506180,TOR,2,value,6,0,6,0,0,0,0,0,0,0,0,1,0,0,0,0,0,0,0,0,,,,,,,20250618,0,TOR02,h,ARI,1,0,0,regular,y,y,21.0,6,0,2,1,,68,TOR,2025,1,2,2,True,False,True,3,0.0,0.0,31.0,21.0,0,0,1,0.16666666666666666,27,6,23,125,0.1688888888888889,False,3+ days,0,0,0,0,0,0.0,3.1,6,0.0,22,96.60095238095238,0.08238095238095866,2025-06-18,Yariel Rodriguez
rodry003,2025-06-24,777384,11,11,97.1,5.0,CLE202506240,TOR,6,value,3,0,4,1,0,0,1,1,1,0,0,1,0,0,0,0,0,0,0,0,,,,,1.0,,20250624,0,CLE08,v,CLE,1,0,0,regular,y,y,11.0,9,10,5,0,,90,CLE,2025,0,5,5,True,False,True,1,0.0,15.0,36.0,10.0,0,0,1,0.25,30,4,26,135,0.17446808510638298,False,1 day,0,1,0,0,0,1.5,3.6,6,0.0,23,96.85333333333332,0.2466666666666697,2025-06-24,Yariel Rodriguez
rodry003,2025-06-29,777310,23,23,96.62222222222222,9.0,BOS202506290,TOR,2,value,5,0,7,1,0,1,0,0,0,0,0,1,1,0,0,0,0,0,0,0,1.0,,,,,,20250629,0,BOS07,v,BOS,1,0,0,regular,y,y,23.0,5,5,3,2,,85,BOS,2025,0,2,2,True,False,True,4,0.0,0.0,21.0,11.0,0,0,1,0.14285714285714285,31,7,27,139,0.17573221757322174,False,3+ days,0,0,0,0,0,0.0,2.1,6,0.0,24,96.97333333333333,-0.35111111111110915,2025-06-29,Yariel Rodriguez
rodry003,2025-07-01,777283,20,20,95.9923076923077,13.0,TOR202507010,TOR,6,value,3,0,5,1,0,0,0,1,1,1,0,0,0,0,0,0,0,0,0,0,,,,,1.0,,20250701,0,TOR02,h,NYA,1,0,0,regular,y,y,20.0,9,4,12,0,,77,TOR,2025,1,8,8,True,False,True,1,0.0,23.0,34.0,23.0,0,1,-1,-0.2,32,5,28,146,0.17479674796747968,False,1 day,0,1,0,0,0,2.3,3.4,7,0.0,25,96.9263492063492,-0.9340415140414962,2025-07-01,Yariel Rodriguez
rodry003,2025-07-02,777274,22,22,95.24,10.0,TOR202507020,TOR,3,value,4,0,5,1,0,0,0,0,0,1,0,1,0,0,0,0,0,1,0,0,,,,,,,20250702,0,TOR02,h,NYA,1,0,0,regular,y,y,22.0,6,7,8,2,,74,TOR,2025,1,1,1,True,False,True,0,20.0,43.0,43.0,20.0,1,1,0,0.0,33,5,27,151,0.16733067729083664,False,0 days,1,0,0,1,0,4.3,4.3,7,0.0,26,96.64814407814409,-1.4081440781440904,2025-07-02,Yariel Rodriguez
rodry003,2025-07-04,777242,20,20,95.21111111111111,9.0,TOR202507040,TOR,4,value,4,0,6,1,0,0,0,0,0,1,0,1,1,0,0,0,0,0,0,0,,,,,,,20250704,0,TOR02,h,ANA,1,0,0,regular,y,y,20.0,8,3,3,2,,75,TOR,2025,1,0,0,True,False,True,1,0.0,42.0,65.0,22.0,0,1,0,0.0,34,6,27,156,0.1640625,False,1 day,0,1,0,0,0,4.2,6.5,7,0.0,27,96.32757264957266,-1.1164615384615502,2025-07-04,Yariel Rodriguez
rodry003,2025-07-09,777172,19,19,96.56,10.0,CHA202507090,TOR,5,value,4,0,5,1,0,0,0,0,0,0,0,2,0,0,0,0,0,0,0,0,,,,,1.0,,20250709,0,CHI12,v,CHA,0,1,0,regular,y,y,24.0,7,1,2,0,,80,CHA,2025,0,-1,1,True,False,True,4,0.0,0.0,42.0,20.0,0,0,2,0.4,35,5,27,162,0.16030534351145037,False,3+ days,0,0,0,0,0,0.0,4.2,7,-5.0,28,96.03312820512821,0.5268717948717949,2025-07-09,Yariel Rodriguez
rodry003,2025-07-13,777116,21,21,96.16666666666667,6.0,ATH202507130,TOR,7,value,3,0,5,1,0,0,0,0,0,1,0,2,0,0,0,0,0,0,0,0,,,,,1.0,,20250713,0,SAC01,v,ATH,0,1,0,regular,y,y,21.0,8,3,6,0,,85,ATH,2025,0,-3,3,True,False,True,1,0.0,12.0,36.0,12.0,0,1,1,0.2,37,5,31,169,0.17100371747211895,False,1 day,0,1,0,0,0,1.2,3.6,7,0.0,29,95.9251282051282,0.24153846153846814,2025-07-13,Yariel Rodriguez
rodry003,2025-07-18,777108,16,16,95.2,8.0,TOR202507180,TOR,3,value,3,0,4,1,0,0,0,0,0,0,0,2,0,0,0,0,0,0,0,0,,,,,,,20250718,0,TOR02,h,SFN,1,0,0,regular,y,y,16.0,8,0,4,0,,72,TOR,2025,1,4,4,True,False,True,4,0.0,0.0,33.0,21.0,0,0,2,0.5,38,4,32,174,0.17153284671532848,False,3+ days,0,0,0,0,0,0.0,3.3,7,0.0,30,95.8340170940171,-0.6340170940170964,2025-07-18,Yariel Rodriguez
rodry003,2025-07-20,777079,7,7,95.82000000000001,5.0,TOR202507200,TOR,5,value,3,0,3,0,0,0,0,0,0,0,0,0,0,0,0,0,0,0,0,0,,,1.0,,1.0,,20250720,0,TOR02,h,SFN,1,0,0,regular,y,y,7.0,9,6,8,0,,74,TOR,2025,1,2,2,True,False,True,1,0.0,16.0,37.0,16.0,0,0,0,0.0,39,3,34,178,0.17625899280575538,False,1 day,0,1,0,0,0,1.6,3.7,7,0.0,31,95.67555555555556,0.1444444444444457,2025-07-20,Yariel Rodriguez
rodry003,2025-07-21,777066,6,6,95.74000000000001,5.0,TOR202507210,TOR,3,value,2,0,2,0,0,0,0,0,0,0,0,0,0,0,0,0,0,0,0,0,,,,,,,20250721,0,TOR02,h,NYA,1,0,0,regular,y,y,6.0,8,1,4,2,,70,TOR,2025,1,3,3,True,False,True,0,7.0,23.0,23.0,7.0,1,0,0,0.0,40,2,34,181,0.17437722419928825,False,0 days,1,0,0,0,0,2.3,2.3,7,0.0,32,95.79155555555556,-0.051555555555552246,2025-07-21,Yariel Rodriguez
rodry003,2025-07-23,777027,9,9,95.88571428571429,7.0,TOR202507230,TOR,3,value,3,0,3,0,0,0,0,0,0,0,0,0,0,0,0,0,0,0,0,0,,,,,1.0,,20250723,0,TOR02,h,NYA,1,0,0,regular,y,y,9.0,9,4,8,0,,74,TOR,2025,1,4,4,True,False,True,1,0.0,13.0,29.0,6.0,0,0,0,0.0,41,3,34,183,0.17314487632508835,False,1 day,0,1,0,0,0,1.3,2.9,7,0.0,33,95.89733333333334,-0.011619047619049638,2025-07-23,Yariel Rodriguez
rodry003,2025-07-25,777016,14,14,95.14285714285714,7.0,DET202507250,TOR,4,value,3,0,3,0,0,0,0,0,0,0,0,1,0,0,0,0,0,0,0,0,,,,,1.0,,20250725,0,DET05,v,DET,1,0,0,regular,y,y,14.0,9,6,2,0,,79,DET,2025,0,4,4,True,False,True,1,0.0,9.0,38.0,9.0,0,0,1,0.3333333333333333,42,3,34,186,0.17132867132867133,False,1 day,0,1,0,0,0,0.9,3.8,7,0.0,34,95.76247619047619,-0.6196190476190537,2025-07-25,Yariel Rodriguez
rodry003,2025-07-29,776962,18,18,96.32857142857144,7.0,BAL202507292,TOR,2,value,3,0,4,0,0,0,0,0,0,1,0,0,0,0,0,0,0,0,0,0,,,,,,,20250729,2,BAL12,v,BAL,0,1,0,regular,y,y,18.0,6,2,2,0,,93,BAL,2025,0,0,0,True,False,True,3,0.0,0.0,23.0,14.0,0,1,-1,-0.25,43,4,35,189,0.17301038062283736,False,3+ days,0,0,0,0,0,0.0,2.3,7,0.0,35,95.5577142857143,0.7708571428571389,2025-07-29,Yariel Rodriguez
rodry003,2025-07-30,776948,24,24,95.36666666666667,9.0,BAL202507300,TOR,4,value,1,0,7,3,0,0,0,3,2,2,0,0,0,0,0,0,0,0,0,0,,,,,,,20250730,0,BAL12,v,BAL,1,0,0,regular,y,y,24.0,7,9,5,0,,97,BAL,2025,0,4,4,True,False,True,0,18.0,18.0,41.0,18.0,1,2,-2,-0.2857142857142857,44,7,34,193,0.16723549488054607,False,0 days,1,0,0,0,0,1.8,4.1,7,0.0,36,95.78342857142857,-0.41676190476189845,2025-07-30,Yariel Rodriguez
rodry003,2025-08-05,776854,26,26,94.65555555555555,9.0,COL202508050,TOR,2,value,5,0,6,2,0,0,0,0,0,1,0,0,0,0,0,0,0,0,0,0,,,,,,,20250805,0,DEN02,v,COL,1,0,0,regular,y,y,26.0,6,7,4,2,,96,COL,2025,0,3,3,True,False,True,5,0.0,0.0,42.0,24.0,0,1,-1,-0.16666666666666666,45,6,32,200,0.15666666666666668,False,3+ days,0,0,0,0,0,0.0,4.2,8,0.0,37,95.69276190476191,-1.0372063492063575,2025-08-05,Yariel Rodriguez
rodry003,2025-08-09,776808,19,19,94.91,10.0,LAN202508090,TOR,2,value,1,4,5,2,0,0,0,4,4,1,0,0,1,0,0,0,0,0,0,0,,,,,,,20250809,0,LOS03,v,LAN,0,1,0,regular,y,y,19.0,5,0,3,2,,76,LAN,2025,0,-3,3,True,False,True,3,0.0,0.0,26.0,26.0,0,1,-1,-0.2,46,5,31,206,0.1503267973856209,False,3+ days,0,0,0,0,0,0.0,2.6,8,0.0,38,95.47587301587302,-0.5658730158730236,2025-08-09,Yariel Rodriguez
rodry003,2025-08-10,776788,14,10,94.84,5.0,LAN202508100,TOR,6,value,2,0,4,0,0,0,0,1,1,2,1,1,0,0,0,1,0,0,0,0,,,,,,,20250810,0,LOS03,v,LAN,1,0,0,regular,y,y,10.0,8,4,3,0,,83,LAN,2025,0,1,1,True,False,True,0,19.0,19.0,45.0,19.0,1,1,0,0.0,47,4,30,211,0.14469453376205788,False,0 days,1,0,0,0,0,1.9,4.5,8,4.0,39,95.28073015873017,-0.44073015873016175,2025-08-10,Yariel Rodriguez
rodry003,2025-08-17,776710,17,17,94.4375,8.0,TOR202508170,TOR,5,value,3,0,4,0,0,0,0,0,0,1,0,0,0,0,0,0,0,0,0,0,,,,,,,20250817,0,TOR02,h,TEX,0,1,0,regular,y,y,17.0,8,8,2,0,,68,TOR,2025,1,-6,6,True,False,True,1,0.0,10.0,20.0,10.0,0,1,-1,-0.25,49,4,32,218,0.14779874213836477,False,1 day,0,1,0,0,0,1.0,2.0,8,0.0,40,95.22015873015873,-0.7826587301587296,2025-08-17,Yariel Rodriguez
rodry003,2025-08-18,776694,23,23,95.38571428571429,7.0,PIT202508180,TOR,2,value,4,0,6,1,1,0,0,1,1,1,0,2,0,0,0,1,0,1,0,0,,1.0,,,,,20250818,0,PIT08,v,PIT,0,1,0,regular,y,y,23.0,6,2,2,0,,83,PIT,2025,0,0,0,True,False,True,0,17.0,27.0,27.0,17.0,1,1,1,0.16666666666666666,50,6,31,222,0.14285714285714285,False,0 days,1,0,0,0,0,2.7,2.7,8,0.0,41,94.84194444444445,0.5437698412698353,2025-08-18,Yariel Rodriguez
rodry003,2025-08-22,776646,14,14,95.38333333333333,6.0,MIA202508220,TOR,3,value,2,0,4,2,0,0,1,1,1,0,0,0,0,0,0,0,0,0,0,0,,,,,,,20250822,0,MIA02,v,MIA,1,0,0,regular,y,y,14.0,7,5,1,1,,72,MIA,2025,0,4,4,True,False,True,3,0.0,0.0,50.0,23.0,0,0,0,0.0,51,4,32,228,0.14329268292682926,False,3+ days,0,0,0,0,0,0.0,5.0,8,0.0,42,94.84575396825396,0.5375793650793668,2025-08-22,Yariel Rodriguez
rodry003,2025-08-24,776614,24,24,93.98333333333333,6.0,MIA202508240,TOR,2,value,3,0,6,2,1,0,0,1,1,1,0,0,0,1,0,0,0,1,0,0,,,,,,,20250824,0,MIA02,v,MIA,0,1,0,regular,y,y,24.0,7,3,4,0,,72,MIA,2025,0,-1,1,True,False,True,1,0.0,14.0,54.0,14.0,0,1,-1,-0.16666666666666666,52,6,32,232,0.14156626506024098,False,1 day,0,1,0,0,0,1.4,5.4,8,0.0,43,94.99130952380952,-1.0079761904761853,2025-08-24,Yariel Rodriguez
rodry003,2025-08-29,776546,21,21,95.05,8.0,TOR202508290,TOR,6,value,3,0,5,0,0,0,0,0,0,2,0,1,0,0,0,0,0,0,0,0,,,,,1.0,,20250829,0,TOR02,h,MIL,0,1,0,regular,y,y,21.0,9,7,2,0,,63,TOR,2025,1,-5,5,True,False,True,2,0.0,6.0,44.0,6.0,0,2,-1,-0.2,54,5,32,239,0.13864306784660768,False,2 days,0,0,1,0,0,0.6,4.4,8,0.0,44,94.80597619047619,0.2440238095238101,2025-08-29,Yariel Rodriguez
rodry003,2025-09-01,776503,32,32,96.71666666666665,6.0,CIN202509010,TOR,2,value,6,0,8,2,0,0,0,0,0,0,0,2,0,0,0,0,0,0,0,0,,,,,,,20250901,0,CIN09,v,CIN,0,1,0,regular,y,y,32.0,7,1,2,1,,78,CIN,2025,0,-1,1,True,False,True,1,0.0,28.0,34.0,7.0,0,0,2,0.25,56,8,32,245,0.13623188405797101,False,1 day,0,1,0,0,0,2.8,3.4,9,0.0,45,94.84797619047619,1.8686904761904657,2025-09-01,Yariel Rodriguez
rodry003,2025-09-06,776436,22,22,95.23333333333333,6.0,NYA202509060,TOR,4,value,4,0,5,0,0,0,0,0,0,1,0,2,0,0,0,0,0,1,0,0,,,,,1.0,,20250906,0,NYC21,v,NYA,0,1,0,regular,y,y,22.0,7,1,3,0,,83,NYA,2025,0,-2,2,True,False,True,4,0.0,0.0,39.0,32.0,0,1,1,0.2,57,5,34,253,0.1388101983002833,False,3+ days,0,0,0,0,0,0.0,3.9,9,0.0,46,95.30380952380952,-0.07047619047618525,2025-09-06,Yariel Rodriguez
rodry003,2025-09-09,776393,17,17,94.7125,8.0,TOR202509090,TOR,2,value,3,0,5,1,0,0,0,0,0,0,0,0,1,0,0,0,0,0,0,0,,,,,,,20250909,0,TOR02,h,HOU,1,0,0,regular,y,y,17.0,6,3,0,2,,62,TOR,2025,1,-3,3,True,False,True,2,0.0,22.0,22.0,22.0,0,0,0,0.0,58,5,35,258,0.13966480446927373,False,2 days,0,0,1,0,0,2.2,2.2,9,0.0,47,95.27333333333334,-0.5608333333333348,2025-09-09,Yariel Rodriguez
rodry003,2025-09-16,776305,12,12,96.88333333333333,6.0,TBA202509160,TOR,4,value,3,0,3,0,0,0,0,0,0,0,0,1,0,0,0,0,0,0,0,0,,,,,,,20250916,0,TAM02,v,TBA,1,0,0,regular,y,y,12.0,7,6,3,0,,82,TBA,2025,0,3,3,True,False,True,3,0.0,0.0,27.0,10.0,0,0,1,0.3333333333333333,60,3,35,266,0.1366120218579235,False,3+ days,0,0,0,0,0,0.0,2.7,9,0.0,48,95.13916666666667,1.7441666666666578,2025-09-16,Yariel Rodriguez
rodry003,2025-09-17,776290,16,12,95.425,8.0,TBA202509170,TOR,2,value,3,0,6,2,1,0,0,1,1,1,1,0,0,0,1,0,0,0,0,0,,1.0,,,,,20250917,0,TAM02,v,TBA,0,1,0,regular,y,y,12.0,7,1,1,0,,75,TBA,2025,0,0,0,True,False,True,0,12.0,12.0,22.0,12.0,1,0,0,0.0,61,6,36,269,0.13821138211382114,False,0 days,1,0,0,0,0,1.2,2.2,9,4.0,49,95.71916666666667,-0.29416666666666913,2025-09-17,Yariel Rodriguez
rodry003,2025-09-19,776260,37,37,92.85714285714286,14.0,KCA202509190,TOR,4,value,5,0,10,2,0,0,0,0,0,3,0,1,0,0,0,0,0,0,0,0,,,,,,,20250919,0,KAN06,v,KCA,0,1,0,regular,y,y,37.0,5,1,10,0,,80,KCA,2025,0,-9,9,True,False,True,1,0.0,24.0,34.0,12.0,0,3,-2,-0.2,62,10,36,275,0.136,False,1 day,0,1,0,0,0,2.4,3.4,9,0.0,50,95.79416666666665,-2.9370238095237937,2025-09-19,Yariel Rodriguez
romaj004,2024-04-28,744947,11,11,97.075,8.0,TOR202404280,TOR,4,value,3,0,3,0,0,0,0,0,0,0,0,2,0,0,0,0,0,0,0,0,,,1.0,,1.0,,20240428,0,TOR02,h,LAN,1,0,0,regular,y,y,11.0,9,1,3,0,,68,TOR,2024,1,2,2,True,False,True,0,19.0,19.0,34.0,19.0,1,0,2,0.6666666666666666,5,3,2,20,0.14166666666666666,False,0 days,1,0,0,0,0,1.9,3.4,4,0.0,5,96.58272222222222,0.4922777777777867,2024-04-28,Jordan Romano
romaj004,2024-05-04,744862,25,25,94.98461538461538,13.0,WAS202405040,TOR,6,value,3,0,6,2,0,0,0,1,1,1,0,1,0,0,0,0,0,0,0,0,,,,,1.0,,20240504,0,WAS11,v,WAS,1,0,0,regular,y,y,25.0,9,6,2,0,,53,WAS,2024,0,4,4,True,False,True,5,0.0,0.0,30.0,11.0,0,1,0,0.0,6,6,4,23,0.15447154471544716,False,3+ days,0,0,0,0,0,0.0,3.0,5,0.0,6,96.68172222222222,-1.6971068376068388,2024-05-04,Jordan Romano
romaj004,2024-05-08,745584,15,15,97.52222222222223,9.0,PHI202405080,TOR,4,value,3,0,6,3,1,0,0,1,1,0,0,0,0,0,0,0,0,0,0,0,,,1.0,,1.0,,20240508,0,PHI13,v,PHI,1,0,0,regular,y,y,15.0,9,5,2,0,,82,PHI,2024,0,3,3,True,False,True,3,0.0,0.0,25.0,25.0,0,0,0,0.0,7,6,4,29,0.14728682170542637,False,3+ days,0,0,0,0,0,0.0,2.5,5,0.0,7,96.34614529914529,1.1760769230769341,2024-05-08,Jordan Romano
romaj004,2024-05-13,747040,21,21,96.00833333333333,12.0,BAL202405130,TOR,3,value,6,0,7,0,0,0,0,0,0,1,0,1,0,0,0,0,0,0,0,0,1.0,,,,1.0,,20240513,0,BAL12,v,BAL,1,0,0,regular,y,y,21.0,9,2,2,0,,75,BAL,2024,0,0,0,True,False,True,1,0.0,16.0,31.0,16.0,0,1,0,0.0,9,7,6,39,0.1510791366906475,False,1 day,0,1,0,0,0,1.6,3.1,5,0.0,8,96.57058974358975,-0.562256410256424,2024-05-13,Jordan Romano
romaj004,2024-05-25,746470,13,13,97.45,8.0,DET202405250,TOR,2,value,3,0,4,1,0,0,0,0,0,0,0,2,0,0,0,0,0,0,0,0,,,,,1.0,,20240525,0,DET05,v,DET,0,1,0,regular,y,y,13.0,8,1,2,0,,78,DET,2024,0,-1,1,True,False,True,5,0.0,0.0,4.0,4.0,0,0,2,0.5,12,4,7,49,0.1476510067114094,False,3+ days,0,0,0,0,0,0.0,0.4,5,0.0,9,96.5300341880342,0.9199658119658096,2024-05-25,Jordan Romano
romaj004,2024-05-26,746469,17,13,97.32000000000001,5.0,DET202405260,TOR,6,value,2,0,5,2,0,0,1,3,3,1,1,0,0,0,0,1,0,0,0,0,,1.0,,,1.0,,20240526,0,DET05,v,DET,0,1,0,regular,y,y,13.0,9,11,11,0,,74,DET,2024,0,0,0,True,False,True,0,13.0,13.0,17.0,13.0,1,0,0,0.0,13,5,9,53,0.1568627450980392,False,0 days,1,0,0,0,0,1.3,1.7,5,4.0,10,96.60803418803418,0.7119658119658254,2024-05-26,Jordan Romano
romaj004,2024-05-29,746790,16,16,94.725,8.0,CHA202405290,TOR,6,value,3,0,4,1,0,0,1,1,1,0,0,1,0,0,0,0,0,0,0,0,,,1.0,,1.0,,20240529,0,CHI12,v,CHA,1,0,0,regular,y,y,16.0,9,3,0,0,,60,CHA,2024,0,3,3,True,False,True,2,0.0,13.0,26.0,13.0,0,0,1,0.25,14,4,9,58,0.1518987341772152,False,2 days,0,0,1,0,0,1.3,2.6,5,0.0,11,96.65703418803419,-1.9320341880341942,2024-05-29,Jordan Romano
sandn001,2025-06-22,777408,21,21,91.46000000000001,5.0,TOR202506220,TOR,5,value,2,0,5,1,0,0,0,0,0,2,0,1,0,0,0,0,0,0,0,0,,,,,,,20250622,0,TOR02,h,CHA,0,1,0,regular,y,y,21.0,9,4,2,0,,68,TOR,2025,1,-2,2,True,False,True,1,0.0,19.0,19.0,19.0,0,2,-1,-0.2,11,5,7,41,0.15602836879432624,False,1 day,0,1,0,0,0,1.9,1.9,6,0.0,3,91.59833333333331,-0.138333333333307,2025-06-22,Nick Sandlin
sandn001,2025-06-27,777345,17,17,91.46666666666665,6.0,BOS202506270,TOR,2,value,3,0,3,0,0,0,0,0,0,1,0,0,0,0,0,0,0,0,0,0,,,,,,,20250627,0,BOS07,v,BOS,1,0,0,regular,y,y,17.0,8,9,0,0,,71,BOS,2025,0,9,9,True,False,True,1,0.0,16.0,56.0,16.0,0,1,-1,-0.3333333333333333,13,3,7,50,0.14666666666666667,False,1 day,0,1,0,0,0,1.6,5.6,6,0.0,4,91.56375,-0.09708333333334451,2025-06-27,Nick Sandlin
sandn001,2025-07-04,777242,16,16,91.67999999999999,5.0,TOR202507040,TOR,2,value,3,0,4,1,0,0,1,1,1,0,0,1,0,0,0,0,0,0,0,0,,,,,,,20250704,0,TOR02,h,ANA,1,0,0,regular,y,y,16.0,7,0,3,2,,75,TOR,2025,1,3,3,True,False,True,2,0.0,8.0,41.0,8.0,0,0,1,0.25,16,4,6,60,0.13125,False,2 days,0,0,1,0,0,0.8,4.1,7,0.0,5,91.54433333333333,0.1356666666666655,2025-07-04,Nick Sandlin
schup002,2025-06-08,777585,19,19,94.42222222222222,9.0,MIN202506080,TOR,5,value,3,0,5,2,0,0,0,0,0,0,0,3,0,0,0,0,0,0,0,0,,,,,1.0,,20250608,0,MIN04,v,MIN,0,1,0,regular,y,y,19.0,8,3,6,0,,70,MIN,2025,0,-3,3,True,False,True,1,0.0,40.0,70.0,40.0,0,0,3,0.6,5,5,12,53,0.17647058823529413,False,1 day,0,1,0,0,0,4.0,7.0,6,0.0,4,93.7911111111111,0.6311111111111103,2025-06-08,Paxton Schultz
schup002,2025-06-19,777448,40,40,93.16428571428571,14.0,TOR202506190,TOR,2,value,8,0,11,2,1,0,0,2,2,1,0,1,0,0,0,0,2,0,0,0,,,,,,,20250619,0,TOR02,h,ARI,0,1,0,regular,y,y,40.0,5,6,1,3,,74,TOR,2025,1,-5,5,True,False,True,10,0.0,0.0,0.0,19.0,0,1,0,0.0,6,11,15,58,0.189873417721519,False,3+ days,0,0,0,0,0,0.0,0.0,6,0.0,5,93.91733333333333,-0.7530476190476207,2025-06-19,Paxton Schultz
schup002,2025-06-24,777384,29,29,94.49,10.0,CLE202506240,TOR,5,value,3,0,6,1,0,0,0,1,1,2,0,1,0,0,0,0,1,0,0,0,,,,,,,20250624,0,CLE08,v,CLE,1,0,0,regular,y,y,29.0,8,10,4,0,,90,CLE,2025,0,6,6,True,False,True,4,0.0,0.0,40.0,40.0,0,2,-1,-0.16666666666666666,7,6,15,69,0.17751479289940827,False,3+ days,0,0,0,0,0,0.0,4.0,6,0.0,6,93.79019047619047,0.6998095238095203,2025-06-24,Paxton Schultz
schup002,2025-06-27,777345,12,12,94.0,5.0,BOS202506270,TOR,3,value,3,0,3,0,0,0,0,0,0,0,0,0,0,0,0,0,0,0,0,0,,,,,1.0,,20250627,0,BOS07,v,BOS,1,0,0,regular,y,y,12.0,9,9,0,0,,71,BOS,2025,0,9,9,True,False,True,2,0.0,29.0,29.0,29.0,0,0,0,0.0,8,3,14,75,0.1657142857142857,False,2 days,0,0,1,0,0,2.9,2.9,6,0.0,7,94.02596825396826,-0.025968253968258637,2025-06-27,Paxton Schultz
schup002,2025-06-28,777323,40,40,93.55555555555556,18.0,BOS202506280,TOR,3,value,4,0,10,5,2,0,1,3,3,1,0,1,0,0,0,0,0,0,0,0,,,,,,,20250628,0,BOS07,v,BOS,0,1,0,regular,y,y,40.0,5,1,9,0,,70,BOS,2025,0,-8,8,True,False,True,0,12.0,12.0,41.0,12.0,1,1,0,0.0,9,10,14,78,0.16292134831460675,False,0 days,1,0,0,0,0,1.2,4.1,6,0.0,8,94.14196825396826,-0.5864126984127012,2025-06-28,Paxton Schultz
schup002,2025-08-24,776614,14,14,93.52857142857144,7.0,MIA202508240,TOR,3,value,3,0,3,1,0,0,0,0,0,0,0,1,0,0,0,0,0,0,0,0,,,,,1.0,,20250824,0,MIA02,v,MIA,0,1,0,regular,y,y,14.0,8,3,5,0,,72,MIA,2025,0,-2,2,True,False,True,56,0.0,0.0,0.0,40.0,0,0,1,0.3333333333333333,10,3,14,88,0.15425531914893617,False,3+ days,0,0,0,0,0,0.0,0.0,8,0.0,9,93.92641269841269,-0.39784126984125123,2025-08-24,Paxton Schultz
swane001,2024-04-30,744942,14,14,93.06666666666666,9.0,TOR202404300,TOR,2,value,2,0,4,2,1,0,0,2,2,0,0,0,0,0,0,0,0,1,0,0,,,,,,,20240430,0,TOR02,h,KCA,0,1,0,regular,y,y,14.0,8,2,1,0,,68,TOR,2024,1,-1,1,True,False,True,0,18.0,18.0,35.0,18.0,1,0,0,0.0,5,4,2,22,0.13934426229508196,False,0 days,1,0,0,0,0,1.8,3.5,4,0.0,4,93.86979166666666,-0.8031249999999943,2024-04-30,Erik Swanson
swane001,2024-05-05,744861,15,15,93.86666666666667,6.0,WAS202405050,TOR,4,value,3,0,5,1,0,0,1,1,1,0,0,1,0,0,0,0,0,0,0,0,,,,,,,20240505,0,WAS11,v,WAS,0,1,0,regular,y,y,15.0,7,8,8,1,,69,WAS,2024,0,0,0,True,False,True,1,0.0,8.0,40.0,8.0,0,0,1,0.2,7,5,1,29,0.12403100775193798,False,1 day,0,1,0,0,0,0.8,4.0,5,0.0,5,93.70916666666668,0.15749999999999886,2024-05-05,Erik Swanson
swane001,2024-05-07,745586,5,5,93.17999999999999,5.0,PHI202405070,TOR,6,value,1,0,1,0,0,0,0,0,0,0,0,0,0,0,0,0,0,0,0,0,,,,,1.0,,20240507,0,PHI13,v,PHI,0,1,0,regular,y,y,5.0,8,1,10,1,,78,PHI,2024,0,-9,9,True,False,True,1,0.0,15.0,37.0,15.0,0,0,0,0.0,8,1,2,34,0.12686567164179105,False,1 day,0,1,0,0,0,1.5,3.7,5,0.0,6,93.71916666666667,-0.5391666666666737,2024-05-07,Erik Swanson
swane001,2024-05-12,744941,27,27,92.8,17.0,TOR202405120,TOR,2,value,3,0,6,2,1,0,0,2,2,1,0,1,0,0,0,0,0,1,0,0,,,,,,,20240512,0,TOR02,h,MIN,0,1,0,regular,y,y,27.0,8,3,1,0,,60,TOR,2024,1,-2,2,True,False,True,0,9.0,9.0,29.0,9.0,1,1,0,0.0,10,6,3,38,0.13043478260869565,False,0 days,1,0,0,0,0,0.9,2.9,5,0.0,7,93.64516666666665,-0.8451666666666569,2024-05-12,Erik Swanson
swane001,2024-05-17,744934,10,10,94.35000000000001,6.0,TOR202405170,TOR,4,value,3,0,4,1,0,0,0,0,0,0,0,0,0,0,0,0,0,0,0,0,,,,,,,20240517,0,TOR02,h,TBA,0,1,0,regular,y,y,10.0,8,4,0,0,,68,TOR,2024,1,-4,4,True,False,True,4,0.0,0.0,36.0,27.0,0,0,0,0.0,11,4,3,44,0.125,False,3+ days,0,0,0,0,0,0.0,3.6,5,0.0,8,93.52516666666666,0.8248333333333449,2024-05-17,Erik Swanson
swane001,2024-05-20,744935,16,16,93.85454545454546,11.0,TOR202405200,TOR,4,value,3,0,4,1,0,0,0,0,0,0,0,1,0,0,0,0,0,0,0,0,,,,,1.0,,20240520,0,TOR02,h,CHA,1,0,0,regular,y,y,16.0,9,3,9,0,,74,TOR,2024,1,6,6,True,False,True,2,0.0,10.0,10.0,10.0,0,0,1,0.25,12,4,3,48,0.12162162162162163,False,2 days,0,0,1,0,0,1.0,1.0,5,0.0,9,93.45266666666666,0.4018787878788004,2024-05-20,Erik Swanson
swane001,2024-05-24,746475,16,16,93.78888888888889,9.0,DET202405240,TOR,4,value,3,0,5,1,0,0,0,0,0,1,0,0,0,0,0,0,0,0,0,0,,,,,1.0,,20240524,0,DET05,v,DET,0,1,0,regular,y,y,16.0,8,0,6,0,,80,DET,2024,0,-6,6,True,False,True,2,0.0,11.0,37.0,11.0,0,1,-1,-0.2,14,5,6,55,0.13548387096774195,False,2 days,0,0,1,0,0,1.1,3.7,5,0.0,10,93.61024242424244,0.17864646464644807,2024-05-24,Erik Swanson
swane001,2024-05-26,746469,20,20,93.55,8.0,DET202405260,TOR,4,value,3,0,3,0,0,0,0,0,0,0,0,1,0,0,0,0,0,0,0,0,,,,,,,20240526,0,DET05,v,DET,0,1,0,regular,y,y,20.0,7,6,9,0,,74,DET,2024,0,-3,3,True,False,True,1,0.0,16.0,43.0,16.0,0,0,1,0.3333333333333333,15,3,5,60,0.125,False,1 day,0,1,0,0,0,1.6,4.3,5,0.0,11,93.59468686868688,-0.0446868686868811,2024-05-26,Erik Swanson
swane001,2024-05-27,746788,9,9,93.42,5.0,CHA202405270,TOR,3,value,1,0,3,2,0,0,1,1,1,0,0,0,0,0,0,0,0,0,0,0,,,,,,,20240527,0,CHI12,v,CHA,1,0,0,regular,y,y,9.0,8,3,0,0,,66,CHA,2024,0,3,3,True,False,True,0,20.0,36.0,63.0,20.0,1,0,0,0.0,16,3,6,63,0.12883435582822086,False,0 days,1,0,0,1,0,3.6,6.3,5,0.0,12,93.66868686868688,-0.24868686868687462,2024-05-27,Erik Swanson
swane001,2024-07-23,744904,20,20,95.19285714285715,14.0,TOR202407230,TOR,6,value,3,0,4,0,0,0,0,0,0,1,0,1,0,0,0,0,0,0,0,0,,,,,1.0,,20240723,0,TOR02,h,TBA,0,1,0,regular,y,y,20.0,9,4,2,0,,78,TOR,2024,1,-2,2,True,False,True,2,0.0,7.0,7.0,7.0,0,1,0,0.0,19,4,6,69,0.1242603550295858,False,2 days,0,0,1,0,0,0.7,0.7,7,0.0,13,93.79268686868687,1.4001702741702786,2024-07-23,Erik Swanson
swane001,2024-07-29,747007,25,25,94.03125,16.0,BAL202407291,TOR,5,value,3,0,7,3,1,0,1,1,1,1,0,1,0,0,0,0,0,0,0,0,,,,,1.0,,20240729,1,BAL12,v,BAL,0,1,0,regular,y,y,25.0,8,4,10,0,,90,BAL,2024,0,-6,6,True,False,True,5,0.0,0.0,20.0,20.0,0,1,0,0.0,20,7,6,73,0.12138728323699421,False,3+ days,0,0,0,0,0,0.0,2.0,7,0.0,14,93.9612582972583,0.06999170274170297,2024-07-29,Erik Swanson
swane001,2024-07-31,747003,26,26,95.2,11.0,BAL202407310,TOR,5,value,3,0,5,1,0,0,0,0,0,1,0,0,0,0,0,0,0,0,0,0,,,,,1.0,,20240731,0,BAL12,v,BAL,0,1,0,regular,y,y,26.0,8,4,10,0,,90,BAL,2024,0,-6,6,True,False,True,1,0.0,25.0,25.0,25.0,0,1,-1,-0.2,21,5,6,80,0.11666666666666667,False,1 day,0,1,0,0,0,2.5,2.5,7,0.0,15,93.9965992063492,1.2034007936508004,2024-07-31,Erik Swanson
swane001,2024-08-03,745714,10,10,94.68333333333334,6.0,NYA202408030,TOR,2,value,3,0,3,0,0,0,0,0,0,0,0,0,0,0,0,0,0,0,0,0,,,,,,,20240803,0,NYC21,v,NYA,0,1,0,regular,y,y,10.0,6,3,6,0,,90,NYA,2024,0,-3,3,True,False,True,2,0.0,26.0,51.0,26.0,0,0,0,0.0,22,3,5,85,0.10810810810810811,False,2 days,0,0,1,0,0,2.6,5.1,8,0.0,16,94.27882142857143,0.4045119047619039,2024-08-03,Erik Swanson
swane001,2024-08-09,744900,12,12,93.35000000000001,6.0,TOR202408090,TOR,2,value,3,0,4,0,0,0,0,0,0,1,0,0,0,0,0,0,0,0,0,0,,,,,,,20240809,0,TOR02,h,OAK,1,0,0,regular,y,y,12.0,8,1,2,0,,79,TOR,2024,1,1,1,True,False,True,1,0.0,11.0,21.0,11.0,0,1,-1,-0.25,24,4,6,91,0.1099476439790576,False,1 day,0,1,0,0,0,1.1,2.1,8,0.0,17,94.5054880952381,-1.1554880952380984,2024-08-09,Erik Swanson
swane001,2024-08-11,744895,21,21,93.6,10.0,TOR202408110,TOR,3,value,3,0,4,1,1,0,0,0,0,0,0,2,0,0,0,0,0,0,0,0,,,,,,,20240811,0,TOR02,h,OAK,0,1,0,regular,y,y,21.0,7,8,1,0,,68,TOR,2024,1,-7,7,True,False,True,1,0.0,12.0,23.0,12.0,0,0,2,0.5,25,4,5,95,0.10256410256410256,False,1 day,0,1,0,0,0,1.2,2.3,8,0.0,18,94.49148809523811,-0.8914880952381168,2024-08-11,Erik Swanson
swane001,2024-08-13,746187,25,25,92.7,10.0,ANA202408130,TOR,3,value,3,0,5,1,0,0,1,1,1,1,0,2,0,0,0,0,0,0,0,0,,,,,1.0,,20240813,0,ANA01,v,ANA,1,0,0,regular,y,y,25.0,9,6,0,0,,81,ANA,2024,0,6,6,True,False,True,1,0.0,21.0,44.0,21.0,0,1,1,0.2,26,5,7,99,0.11055276381909548,False,1 day,0,1,0,0,0,2.1,4.4,8,0.0,19,94.17291666666667,-1.4729166666666629,2024-08-13,Erik Swanson
swane001,2024-08-19,744898,12,12,92.57777777777778,9.0,TOR202408190,TOR,4,value,3,0,3,0,0,0,0,0,0,0,0,1,0,0,0,0,0,0,0,0,,,,,,,20240819,0,TOR02,h,CIN,0,1,0,regular,y,y,12.0,8,6,2,0,,65,TOR,2024,1,-4,4,True,False,True,2,0.0,12.0,37.0,12.0,0,0,1,0.3333333333333333,28,3,8,107,0.1111111111111111,False,2 days,0,0,1,0,0,1.2,3.7,8,0.0,20,93.90666666666667,-1.3288888888888835,2024-08-19,Erik Swanson
swane001,2024-08-21,744893,29,29,92.66875,16.0,TOR202408210,TOR,3,value,1,4,7,3,1,0,2,3,3,2,0,1,1,0,1,0,0,0,0,0,,,,,,,20240821,0,TOR02,h,CIN,0,1,0,regular,y,y,29.0,5,6,6,2,,70,TOR,2024,1,0,0,True,False,True,1,0.0,12.0,24.0,12.0,0,2,-1,-0.14285714285714285,29,7,9,110,0.11428571428571428,False,1 day,0,1,0,0,0,1.2,2.4,8,0.0,21,93.38222222222223,-0.7134722222222223,2024-08-21,Erik Swanson
swane001,2024-08-23,744889,14,14,94.375,8.0,TOR202408230,TOR,2,value,3,0,3,0,0,0,0,0,0,0,0,2,0,0,0,0,0,0,0,0,,,,,,,20240823,0,TOR02,h,ANA,1,0,0,regular,y,y,14.0,7,4,3,0,,76,TOR,2024,1,-1,1,True,False,True,1,0.0,29.0,53.0,29.0,0,0,2,0.6666666666666666,30,3,8,117,0.10599078341013825,False,1 day,0,1,0,0,0,2.9,5.3,8,0.0,22,92.97930555555556,1.3956944444444446,2024-08-23,Erik Swanson
swane001,2024-08-27,746916,14,14,93.6857142857143,7.0,BOS202408270,TOR,3,value,3,0,3,0,0,0,0,0,0,0,0,3,0,0,0,0,0,0,0,0,,,,,1.0,,20240827,0,BOS07,v,BOS,0,1,0,regular,y,y,14.0,8,2,6,0,,79,BOS,2024,0,-4,4,True,False,True,0,9.0,9.0,52.0,9.0,1,0,3,1.0,31,3,10,120,0.11363636363636363,False,0 days,1,0,0,0,0,0.9,5.2,8,0.0,23,93.18430555555555,0.5014087301587438,2024-08-27,Erik Swanson
swane001,2024-08-31,745859,13,13,94.68333333333334,6.0,MIN202408310,TOR,3,value,3,0,3,0,0,0,0,0,0,0,0,1,0,0,0,0,0,0,0,0,,,,,,,20240831,0,MIN04,v,MIN,1,0,0,regular,y,y,13.0,8,14,0,0,,82,MIN,2024,0,14,14,True,False,True,3,0.0,0.0,23.0,14.0,0,0,1,0.3333333333333333,32,3,13,123,0.12556053811659193,False,3+ days,0,0,0,0,0,0.0,2.3,8,0.0,24,93.20144841269841,1.4818849206349256,2024-08-31,Erik Swanson
swane001,2024-09-03,744891,23,23,94.23571428571428,14.0,TOR202409030,TOR,4,value,1,0,3,0,0,0,0,1,1,2,0,0,0,0,0,0,0,0,0,0,,,,,,,20240903,0,TOR02,h,PHI,0,1,0,regular,y,y,23.0,7,4,8,2,,69,TOR,2024,1,4,4,True,False,True,2,0.0,13.0,27.0,13.0,0,2,-2,-0.6666666666666666,33,3,14,126,0.12831858407079647,False,2 days,0,0,1,0,0,1.3,2.7,9,0.0,25,93.59811507936509,0.6375992063491935,2024-09-03,Erik Swanson
swane001,2024-09-06,747074,16,16,93.8,8.0,ATL202409060,TOR,3,value,3,0,4,1,0,0,0,0,0,0,0,2,0,0,0,0,0,0,0,0,,,,,1.0,,20240906,0,ATL03,v,ATL,0,1,0,regular,y,y,16.0,8,1,3,0,,72,ATL,2024,0,-2,2,True,False,True,2,0.0,23.0,36.0,23.0,0,0,2,0.5,34,4,12,129,0.11790393013100436,False,2 days,0,0,1,0,0,2.3,3.6,9,0.0,26,93.92970238095238,-0.12970238095238074,2024-09-06,Erik Swanson
swane001,2024-09-08,747072,11,11,95.23333333333333,6.0,ATL202409080,TOR,4,value,2,0,3,1,0,0,0,0,0,0,0,1,0,0,0,0,0,0,0,0,,,,,,,20240908,0,ATL03,v,ATL,0,1,0,regular,y,y,11.0,8,2,1,0,,76,ATL,2024,0,1,1,True,False,True,1,0.0,16.0,39.0,16.0,0,0,1,0.3333333333333333,35,3,14,133,0.12446351931330472,False,1 day,0,1,0,0,0,1.6,3.9,9,0.0,27,94.15595238095237,1.0773809523809632,2024-09-08,Erik Swanson
swane001,2024-09-09,744888,11,11,95.31666666666666,6.0,TOR202409090,TOR,5,value,3,0,3,1,0,0,0,0,0,0,0,0,0,0,0,0,0,0,0,0,,,,,1.0,,20240909,0,TOR02,h,NYN,0,1,0,regular,y,y,11.0,9,3,2,0,,68,TOR,2024,1,-1,1,True,False,True,0,11.0,27.0,50.0,11.0,1,0,0,0.0,36,3,15,136,0.1271186440677966,False,0 days,1,0,0,0,0,2.7,5.0,9,0.0,28,94.32761904761905,0.9890476190476107,2024-09-09,Erik Swanson
swane001,2024-09-15,744883,13,13,93.67142857142858,7.0,TOR202409150,TOR,3,value,2,0,3,0,0,0,0,0,0,1,0,1,0,0,0,0,0,0,0,0,,,,,,,20240915,0,TOR02,h,SLN,1,0,0,regular,y,y,13.0,7,2,2,0,,74,TOR,2024,1,0,0,True,False,True,1,0.0,12.0,34.0,12.0,0,1,0,0.0,38,3,16,142,0.128099173553719,False,1 day,0,1,0,0,0,1.2,3.4,9,0.0,29,94.65380952380953,-0.9823809523809501,2024-09-15,Erik Swanson
swane001,2024-09-19,744962,7,7,94.28,5.0,TEX202409190,TOR,4,value,3,0,3,0,0,0,0,0,0,0,0,0,0,0,0,0,0,0,0,0,,,,,,,20240919,0,ARL03,v,TEX,1,0,0,regular,y,y,7.0,8,3,0,0,,74,TEX,2024,0,3,3,True,False,True,1,0.0,5.0,30.0,5.0,0,0,0,0.0,40,3,17,146,0.13008130081300814,False,1 day,0,1,0,0,0,0.5,3.0,9,0.0,30,94.45142857142858,-0.17142857142857792,2024-09-19,Erik Swanson
swane001,2024-09-22,745036,20,20,94.87,10.0,TBA202409220,TOR,5,value,3,0,4,1,0,0,1,1,1,0,0,2,0,0,0,0,0,0,0,0,,,,,1.0,,20240922,0,STP01,v,TBA,0,1,0,regular,y,y,20.0,8,2,3,0,,72,TBA,2024,0,-1,1,True,False,True,2,0.0,7.0,25.0,7.0,0,0,2,0.5,41,4,17,149,0.1285140562248996,False,2 days,0,0,1,0,0,0.7,2.5,9,0.0,31,94.46028571428572,0.40971428571428703,2024-09-22,Erik Swanson
swane001,2024-09-23,744885,15,15,94.42,10.0,TOR202409230,TOR,6,value,3,0,3,0,0,0,0,0,0,0,0,1,0,0,0,0,0,0,0,0,,,,,1.0,,20240923,0,TOR02,h,BOS,0,1,0,regular,y,y,15.0,9,4,0,0,,68,TOR,2024,1,-4,4,True,False,True,0,20.0,20.0,32.0,20.0,1,0,1,0.3333333333333333,42,3,19,153,0.13438735177865613,False,0 days,1,0,0,1,0,2.0,3.2,9,0.0,32,94.67428571428573,-0.25428571428572866,2024-09-23,Erik Swanson
swane001,2024-09-25,744877,16,16,93.8,6.0,TOR202409250,TOR,3,value,3,0,3,0,0,0,0,0,0,0,0,1,0,0,0,0,0,0,0,0,,,,,,,20240925,0,TOR02,h,BOS,1,0,0,regular,y,y,16.0,8,1,6,0,,72,TOR,2024,1,5,5,True,False,True,1,0.0,35.0,42.0,15.0,0,0,1,0.3333333333333333,43,3,20,156,0.13671875,False,1 day,0,1,0,0,0,3.5,4.2,9,0.0,33,94.51161904761905,-0.7116190476190525,2024-09-25,Erik Swanson
swane001,2024-09-28,744878,14,14,93.16,5.0,TOR202409280,TOR,3,value,5,0,5,1,0,0,0,0,0,0,0,2,0,0,0,0,0,0,0,0,,,,,,,20240928,0,TOR02,h,MIA,0,1,0,regular,y,y,14.0,6,4,1,2,,68,TOR,2024,1,-3,3,True,False,True,2,0.0,16.0,51.0,16.0,0,0,2,0.4,44,5,21,159,0.138996138996139,False,2 days,0,0,1,0,0,1.6,5.1,9,0.0,34,94.20828571428572,-1.0482857142857256,2024-09-28,Erik Swanson
swane001,2025-06-15,777499,27,27,92.9,16.0,PHI202506150,TOR,3,value,2,0,6,2,0,0,1,4,4,2,0,1,0,0,0,0,0,0,0,0,,,,,,,20250615,0,PHI13,v,PHI,0,1,0,regular,y,y,27.0,6,2,6,0,,62,PHI,2025,0,-4,4,True,False,True,1,0.0,31.0,60.0,31.0,0,2,-1,-0.16666666666666666,5,6,-1,24,0.11290322580645161,False,1 day,0,1,0,0,0,3.1,6.0,6,0.0,5,92.89566666666667,0.0043333333333350765,2025-06-15,Erik Swanson
varll001,2025-08-08,776823,17,17,99.0,5.0,LAN202508080,TOR,3,value,3,0,4,0,0,0,0,0,0,1,0,1,0,0,0,0,1,0,0,0,,,,,,,20250808,0,LOS03,v,LAN,0,1,0,regular,y,y,17.0,7,1,3,3,,78,LAN,2025,0,-2,2,True,False,True,2,0.0,18.0,42.0,18.0,0,1,0,0.0,54,4,37,209,0.16828478964401294,False,2 days,0,0,1,0,0,1.8,4.2,8,0.0,3,97.95555555555556,1.0444444444444372,2025-08-08,Louis Varland
varll001,2025-08-10,776788,28,28,98.65,10.0,LAN202508100,TOR,2,value,5,0,6,2,0,0,0,0,0,0,0,2,0,0,0,0,0,0,0,0,,,,,,,20250810,0,LOS03,v,LAN,1,0,0,regular,y,y,28.0,4,1,3,0,,83,LAN,2025,0,-2,2,True,False,True,1,0.0,17.0,45.0,17.0,0,0,2,0.3333333333333333,55,6,37,213,0.16613418530351437,False,1 day,0,1,0,0,0,1.7,4.5,8,0.0,4,98.21666666666667,0.4333333333333371,2025-08-10,Louis Varland
varll001,2025-08-12,776768,12,12,98.61428571428571,7.0,TOR202508120,TOR,5,value,3,0,3,0,0,0,0,0,0,0,0,2,0,0,0,0,0,0,0,0,,,,,,,20250812,0,TOR02,h,CHN,1,0,0,regular,y,y,12.0,8,1,4,0,,68,TOR,2025,1,3,3,True,False,True,1,0.0,28.0,63.0,28.0,0,0,2,0.6666666666666666,56,3,39,219,0.16927899686520376,False,1 day,0,1,0,0,0,2.8,6.3,8,0.0,5,98.30333333333333,0.3109523809523864,2025-08-12,Louis Varland
varll001,2025-08-17,776710,20,20,97.36666666666667,12.0,TOR202508170,TOR,6,value,3,0,6,2,1,0,1,2,2,1,0,0,0,0,0,0,0,0,0,0,,,,,1.0,,20250817,0,TOR02,h,TEX,0,1,0,regular,y,y,20.0,9,8,4,0,,68,TOR,2025,1,-4,4,True,False,True,1,0.0,6.0,46.0,6.0,0,1,-1,-0.16666666666666666,58,6,42,224,0.17592592592592593,False,1 day,0,1,0,0,0,0.6,4.6,8,0.0,6,98.29619047619047,-0.9295238095238005,2025-08-17,Louis Varland
varll001,2025-08-19,776679,14,14,98.45,6.0,PIT202508190,TOR,2,value,3,0,5,2,1,0,0,1,1,0,0,1,0,0,0,0,1,0,0,0,,,,,,,20250819,0,PIT08,v,PIT,1,0,0,regular,y,y,14.0,7,7,1,0,,88,PIT,2025,0,6,6,True,False,True,1,0.0,20.0,38.0,20.0,0,0,1,0.2,59,5,41,230,0.1696969696969697,False,1 day,0,1,0,0,0,2.0,3.8,8,0.0,7,98.2395238095238,0.21047619047620003,2025-08-19,Louis Varland
varll001,2025-08-23,776630,16,16,97.9,8.0,MIA202508230,TOR,2,value,2,0,4,2,1,0,0,1,1,1,0,1,0,0,0,0,0,0,0,0,,,,,,,20250823,0,MIA02,v,MIA,1,0,0,regular,y,y,16.0,7,4,1,2,,72,MIA,2025,0,3,3,True,False,True,3,0.0,0.0,34.0,14.0,0,1,0,0.0,60,4,42,235,0.1701492537313433,False,3+ days,0,0,0,0,0,0.0,3.4,8,0.0,8,98.4161904761905,-0.5161904761904879,2025-08-23,Louis Varland
varll001,2025-08-26,776582,9,9,97.60000000000001,7.0,TOR202508260,TOR,2,value,1,2,3,1,0,0,0,1,1,1,0,0,0,0,0,0,0,0,0,0,,,,,,,20250826,0,TOR02,h,MIN,0,1,0,regular,y,y,9.0,6,2,4,1,,68,TOR,2025,1,2,2,True,False,True,2,0.0,16.0,30.0,16.0,0,1,-1,-0.3333333333333333,61,3,42,239,0.168141592920354,False,2 days,0,0,1,0,0,1.6,3.0,8,0.0,9,98.19619047619048,-0.5961904761904719,2025-08-26,Louis Varland
varll001,2025-08-29,776546,11,11,98.9875,8.0,TOR202508290,TOR,3,value,1,0,3,2,1,0,0,1,1,0,0,0,0,0,0,0,0,0,0,0,,,,,,,20250829,0,TOR02,h,MIL,0,1,0,regular,y,y,11.0,6,2,0,2,,63,TOR,2025,1,-2,2,True,False,True,2,0.0,9.0,25.0,9.0,0,0,0,0.0,62,3,41,242,0.16374269005847952,False,2 days,0,0,1,0,0,0.9,2.5,8,0.0,10,97.98619047619049,1.0013095238095104,2025-08-29,Louis Varland
varll001,2025-08-31,776515,24,24,98.22222222222223,9.0,TOR202508310,TOR,4,value,5,0,5,0,0,0,0,0,0,0,0,3,0,0,0,0,0,0,0,0,,,,,,,20250831,0,TOR02,h,MIL,1,0,0,regular,y,y,24.0,6,4,8,1,,68,TOR,2025,1,4,4,True,False,True,1,0.0,11.0,20.0,11.0,0,0,3,0.6,63,5,41,245,0.16231884057971013,False,1 day,0,1,0,0,0,1.1,2.0,8,0.0,11,98.06083333333333,0.1613888888888937,2025-08-31,Louis Varland
varll001,2025-09-02,776491,15,15,97.63333333333333,6.0,CIN202509020,TOR,4,value,5,0,5,1,0,0,0,0,0,0,0,1,0,0,0,0,0,0,0,0,1.0,,,,,,20250902,0,CIN09,v,CIN,1,0,0,regular,y,y,15.0,6,10,8,0,,78,CIN,2025,0,2,2,True,False,True,1,0.0,24.0,44.0,24.0,0,0,1,0.2,64,5,44,250,0.16857142857142857,False,1 day,0,1,0,0,0,2.4,4.4,9,0.0,12,98.23194444444445,-0.5986111111111256,2025-09-02,Louis Varland
varll001,2025-09-03,776475,19,19,98.12,10.0,CIN202509030,TOR,4,value,2,0,6,4,3,0,0,3,3,0,0,2,0,0,0,0,0,0,0,0,,,,,,,20250903,0,CIN09,v,CIN,1,0,0,regular,y,y,19.0,8,12,6,0,,80,CIN,2025,0,6,6,True,False,True,0,15.0,39.0,50.0,15.0,1,0,2,0.3333333333333333,65,6,45,255,0.16901408450704225,False,0 days,1,0,0,0,0,3.9,5.0,9,0.0,13,98.06861111111111,0.05138888888889426,2025-09-03,Louis Varland
varll001,2025-09-06,776436,9,9,98.63333333333333,6.0,NYA202509060,TOR,2,value,1,0,3,2,1,0,0,1,1,1,0,0,0,0,0,0,0,0,1,0,,,,,,,20250906,0,NYC21,v,NYA,0,1,0,regular,y,y,9.0,6,1,2,0,,83,NYA,2025,0,-1,1,True,False,True,2,0.0,19.0,58.0,19.0,0,1,-1,-0.3333333333333333,66,3,47,261,0.17174515235457063,False,2 days,0,0,1,0,0,1.9,5.8,9,0.0,14,98.11261111111112,0.5207222222222043,2025-09-06,Louis Varland
varll001,2025-09-10,776385,28,28,99.0909090909091,11.0,TOR202509100,TOR,3,value,4,0,6,1,0,0,0,0,0,1,0,1,0,0,0,0,0,0,0,0,,,,,,,20250910,0,TOR02,h,HOU,0,1,0,regular,y,y,28.0,7,2,0,0,,69,TOR,2025,1,-2,2,True,False,True,3,0.0,0.0,28.0,9.0,0,1,0,0.0,67,6,46,264,0.16758241758241757,False,3+ days,0,0,0,0,0,0.0,2.8,9,0.0,15,98.31927777777778,0.7716313131313086,2025-09-10,Louis Varland
varll001,2025-09-15,776316,15,15,97.88571428571429,7.0,TBA202509150,TOR,4,value,3,0,4,0,0,0,0,0,0,1,0,1,0,0,0,0,0,0,0,0,,,,,,,20250915,0,TAM02,v,TBA,1,0,0,regular,y,y,15.0,8,1,1,0,,85,TBA,2025,0,0,0,True,False,True,0,13.0,26.0,54.0,13.0,1,1,0,0.0,70,4,50,277,0.1724137931034483,False,0 days,1,0,0,0,0,2.6,5.4,9,0.0,16,98.3399595959596,-0.45424531024531234,2025-09-15,Louis Varland
varll001,2025-09-28,776145,19,19,99.0,8.0,TOR202509280,TOR,3,value,3,0,5,1,0,0,0,0,0,1,0,2,0,0,0,0,0,0,0,0,,,,,,,20250928,0,TOR02,h,TBA,1,0,0,regular,y,y,19.0,6,4,8,0,,74,TOR,2025,1,4,4,True,False,True,2,0.0,23.0,34.0,23.0,0,1,1,0.2,72,5,50,285,0.16883116883116883,False,2 days,0,0,1,0,0,2.3,3.4,9,0.0,17,98.27265800865801,0.7273419913419872,2025-09-28,Louis Varland
yarbr001,2024-08-22,744894,60,60,87.05333333333333,15.0,TOR202408220,TOR,2,value,15,0,17,3,0,0,0,0,0,0,0,4,1,0,0,0,0,0,1,0,1.0,,,,,,20240822,0,TOR02,h,ANA,1,0,0,regular,y,y,60.0,2,0,0,1,,75,TOR,2024,1,0,0,True,False,True,4,0.0,0.0,30.0,30.0,0,0,4,0.23529411764705882,37,17,17,305,0.07901234567901234,False,3+ days,0,0,0,0,0,0.0,3.0,8,0.0,3,86.73710437710439,0.3162289562289402,2024-08-22,Ryan Yarbrough
yarbr001,2024-09-01,745861,26,26,86.61999999999999,5.0,MIN202409010,TOR,2,value,7,0,8,0,0,0,0,0,0,0,0,0,1,0,0,0,0,0,0,0,,,,,,,20240901,0,MIN04,v,MIN,0,1,0,regular,y,y,26.0,4,1,0,0,,69,MIN,2024,0,1,1,True,False,True,5,0.0,0.0,51.0,51.0,0,0,0,0.0,38,8,21,322,0.08530805687203792,False,3+ days,0,0,0,0,0,0.0,5.1,9,0.0,4,86.81616161616162,-0.19616161616163197,2024-09-01,Ryan Yarbrough
yarbr001,2024-09-09,744888,60,60,87.69,10.0,TOR202409090,TOR,3,value,11,0,14,1,0,0,0,1,1,2,0,2,2,0,0,0,0,0,1,0,,,,,,,20240909,0,TOR02,h,NYN,0,1,0,regular,y,y,60.0,4,0,0,0,,68,TOR,2024,1,0,0,True,False,True,7,0.0,0.0,0.0,26.0,0,2,0,0.0,39,14,21,330,0.08372093023255814,False,3+ days,0,0,0,0,0,0.0,0.0,9,0.0,5,86.77692929292928,0.913070707070716,2024-09-09,Ryan Yarbrough
yarbr001,2024-09-15,744883,20,20,86.47,10.0,TOR202409150,TOR,2,value,5,1,6,2,0,0,1,1,1,0,0,1,0,0,0,0,0,0,0,0,,,,,,,20240915,0,TOR02,h,SLN,1,0,0,regular,y,y,20.0,5,1,0,1,,74,TOR,2024,1,-1,1,True,False,True,5,0.0,0.0,60.0,60.0,0,0,1,0.16666666666666666,40,6,21,344,0.08108108108108109,False,3+ days,0,0,0,0,0,0.0,6.0,9,0.0,6,87.1989292929293,-0.7289292929292941,2024-09-15,Ryan Yarbrough
yarbr001,2024-09-22,745036,54,54,87.01428571428572,7.0,TBA202409220,TOR,2,value,12,0,15,2,0,0,0,1,1,1,0,5,0,0,0,0,0,0,0,0,,,,,,,20240922,0,STP01,v,TBA,0,1,0,regular,y,y,54.0,2,0,0,0,,72,TBA,2024,0,0,0,True,False,True,3,0.0,0.0,49.0,29.0,0,1,4,0.26666666666666666,42,15,26,356,0.08991228070175439,False,3+ days,0,0,0,0,0,0.0,4.9,9,0.0,7,86.98848484848484,0.025800865800874817,2024-09-22,Ryan Yarbrough
yarbr001,2024-09-29,744880,52,52,87.89999999999999,6.0,TOR202409290,TOR,2,value,11,0,14,4,0,0,0,0,0,0,0,3,0,0,0,0,0,0,1,0,,,,,,,20240929,0,TOR02,h,MIA,0,1,0,regular,y,y,52.0,2,2,0,0,,69,TOR,2024,1,-2,2,True,False,True,6,0.0,0.0,54.0,54.0,0,0,3,0.21428571428571427,43,14,30,371,0.09554140127388536,False,3+ days,0,0,0,0,0,0.0,5.4,9,0.0,8,86.96952380952379,0.9304761904761989,2024-09-29,Ryan Yarbrough
